-- MySQL dump 10.13  Distrib 8.0.32, for Win64 (x86_64)
--
-- Host: localhost    Database: k1
-- ------------------------------------------------------
-- Server version	8.0.32

/*!40101 SET @OLD_CHARACTER_SET_CLIENT=@@CHARACTER_SET_CLIENT */;
/*!40101 SET @OLD_CHARACTER_SET_RESULTS=@@CHARACTER_SET_RESULTS */;
/*!40101 SET @OLD_COLLATION_CONNECTION=@@COLLATION_CONNECTION */;
/*!50503 SET NAMES utf8mb4 */;
/*!40103 SET @OLD_TIME_ZONE=@@TIME_ZONE */;
/*!40103 SET TIME_ZONE='+00:00' */;
/*!40014 SET @OLD_UNIQUE_CHECKS=@@UNIQUE_CHECKS, UNIQUE_CHECKS=0 */;
/*!40014 SET @OLD_FOREIGN_KEY_CHECKS=@@FOREIGN_KEY_CHECKS, FOREIGN_KEY_CHECKS=0 */;
/*!40101 SET @OLD_SQL_MODE=@@SQL_MODE, SQL_MODE='NO_AUTO_VALUE_ON_ZERO' */;
/*!40111 SET @OLD_SQL_NOTES=@@SQL_NOTES, SQL_NOTES=0 */;

--
-- Dumping data for table `categoria`
--

LOCK TABLES `categoria` WRITE;
/*!40000 ALTER TABLE `categoria` DISABLE KEYS */;
INSERT INTO `categoria` VALUES (1,'Peso mosca',48,51,'Kickboxing'),(2,'Peso gallo',52,55,'Kickboxing'),(3,'Peso pluma',56,59,'Kickboxing'),(4,'Peso ligero',60,64,'Kickboxing'),(5,'Peso welter',64,67,'Kickboxing'),(6,'Peso medio',68,73,'Kickboxing'),(7,'Peso semipesado',73,79,'Kickboxing'),(8,'Peso pesado',80,91,'Kickboxing'),(9,'Peso superpesado',91,150,'Kickboxing'),(10,'Peso mosca',48,51,'K1'),(11,'Peso gallo',52,55,'K1'),(12,'Peso pluma',56,59,'K1'),(13,'Peso ligero',60,64,'K1'),(14,'Peso welter',64,67,'K1'),(15,'Peso medio',68,73,'K1'),(16,'Peso semipesado',73,79,'K1'),(17,'Peso pesado',80,91,'K1'),(18,'Peso superpesado',91,150,'K1'),(19,'Peso mosca',48,51,'Muay-Thai'),(20,'Peso gallo',52,55,'Muay-Thai'),(21,'Peso pluma',56,59,'Muay-Thai'),(22,'Peso ligero',60,64,'Muay-Thai'),(23,'Peso welter',64,67,'Muay-Thai'),(24,'Peso medio',68,73,'Muay-Thai'),(25,'Peso semipesado',73,79,'Muay-Thai'),(26,'Peso pesado',80,91,'Muay-Thai'),(27,'Peso superpesado',91,150,'Muay-Thai'),(28,'Ejemp',100,150,'K1');
/*!40000 ALTER TABLE `categoria` ENABLE KEYS */;
UNLOCK TABLES;
/*!50003 SET @saved_cs_client      = @@character_set_client */ ;
/*!50003 SET @saved_cs_results     = @@character_set_results */ ;
/*!50003 SET @saved_col_connection = @@collation_connection */ ;
/*!50003 SET character_set_client  = utf8mb4 */ ;
/*!50003 SET character_set_results = utf8mb4 */ ;
/*!50003 SET collation_connection  = utf8mb4_0900_ai_ci */ ;
/*!50003 SET @saved_sql_mode       = @@sql_mode */ ;
/*!50003 SET sql_mode              = 'ONLY_FULL_GROUP_BY,STRICT_TRANS_TABLES,NO_ZERO_IN_DATE,NO_ZERO_DATE,ERROR_FOR_DIVISION_BY_ZERO,NO_ENGINE_SUBSTITUTION' */ ;
DELIMITER ;;
/*!50003 CREATE*/ /*!50017 DEFINER=`root`@`localhost`*/ /*!50003 TRIGGER `trigger1` BEFORE INSERT ON `categoria` FOR EACH ROW begin

	if new.peso_maximo>200 then

	set new.peso_maximo = 150;

	end if;

end */;;
DELIMITER ;
/*!50003 SET sql_mode              = @saved_sql_mode */ ;
/*!50003 SET character_set_client  = @saved_cs_client */ ;
/*!50003 SET character_set_results = @saved_cs_results */ ;
/*!50003 SET collation_connection  = @saved_col_connection */ ;

--
-- Dumping data for table `combate`
--

LOCK TABLES `combate` WRITE;
/*!40000 ALTER TABLE `combate` DISABLE KEYS */;
INSERT INTO `combate` VALUES ('COMB001','2023-05-20',101,102,101,1,10,1,'Campeonato Nacional de K1'),('COMB002','2023-05-21',103,104,103,2,10,2,'Campeonato Nacional de K1'),('COMB003','2023-05-19',123,145,145,45,27,3,'Torneo Internacional de Muay Thai'),('COMB004','2023-05-20',200,225,200,78,8,4,'Campeonato Nacional de Kickboxing'),('COMB006','2023-05-22',78,90,90,34,3,35,'Campeonato Nacional de Muay Thai'),('COMB007','2023-05-23',12,34,34,56,22,36,'Copa Mundial de Kickboxing'),('COMB008','2023-05-24',167,189,189,89,14,21,'Torneo Internacional de Kickboxing'),('COMB010','2023-05-26',90,112,112,45,25,22,'Torneo Internacional de Muay Thai'),('COMB011','2023-05-27',145,167,145,78,2,23,'Campeonato Nacional de K1'),('COMB012','2023-05-28',189,200,200,12,18,24,'Copa Mundial de K1-II'),('COMB014','2023-05-30',67,100,67,23,16,25,'Campeonato Nacional de Muay Thai'),('COMB015','2023-05-31',123,156,123,56,26,26,'Torneo Internacional de Kickboxing'),('COMB016','2023-06-01',200,223,223,89,11,27,'Copa Mundial de Muay Thai'),('COMB017','2023-06-02',34,67,67,23,4,28,'Campeonato Regional de Kickboxing'),('COMB018','2023-06-03',78,111,111,45,23,29,'Torneo Internacional de Muay Thai'),('COMB019','2023-06-04',145,178,145,78,1,30,'Campeonato Nacional de K1'),('COMB020','2023-06-05',189,222,222,12,19,31,'Copa Mundial de Kickboxing'),('COMB022','2023-06-07',67,122,67,23,15,32,'Campeonato Nacional de Muay Thai'),('COMB023','2023-06-08',123,178,178,56,24,33,'Torneo Internacional de Kickboxing'),('COMB024','2023-06-09',200,222,200,89,10,34,'Copa Mundial de Muay Thai'),('COMB025','2023-06-10',34,89,89,23,3,37,'Campeonato Regional de Kickboxing'),('COMB026','2023-06-11',78,133,133,45,22,38,'Torneo Internacional de Muay Thai'),('COMB030','2023-06-15',67,144,67,23,13,39,'Campeonato Nacional de Muay Thai'),('COMB031','2023-06-16',123,200,200,56,21,40,'Torneo Internacional de Kickboxing'),('COMB033','2023-06-18',34,100,34,23,2,41,'Campeonato Regional de Kickboxing'),('COMB034','2023-06-19',78,156,156,45,20,42,'Torneo Internacional de Muay Thai'),('COMB035','2023-06-20',145,211,145,78,9,43,'Campeonato Nacional de K1'),('COMB038','2023-06-23',67,156,67,23,14,44,'Campeonato Nacional de Muay Thai'),('COMB039','2023-06-24',123,211,211,56,23,45,'Torneo Internacional de Kickboxing'),('COMB041','2023-06-26',34,111,111,23,3,46,'Campeonato Regional de Kickboxing'),('COMB042','2023-06-27',78,167,167,45,22,47,'Torneo Internacional de Muay Thai'),('COMB043','2023-06-28',145,223,223,78,1,48,'Campeonato Nacional de K1'),('COMB046','2023-07-01',67,178,67,23,13,49,'Campeonato Nacional de Muay Thai'),('COMB050','2023-06-02',78,89,78,45,12,50,'Campeonato Nacional de Muay Thai'),('COMB051','2023-06-03',123,145,145,67,5,51,'Copa Mundial de Kickboxing'),('COMB052','2023-06-04',200,225,200,78,8,52,'Campeonato Nacional de Kickboxing'),('COMB054','2023-06-06',67,89,67,12,5,53,'Copa Mundial de K1-I'),('COMB055','2023-06-07',123,145,145,45,27,54,'Torneo Internacional de Muay Thai'),('COMB056','2023-06-08',200,225,200,78,8,55,'Campeonato Nacional de Kickboxing'),('COMB058','2023-06-10',78,89,78,45,12,56,'Campeonato Nacional de Muay Thai'),('COMB059','2023-06-11',123,145,145,67,5,57,'Copa Mundial de Kickboxing'),('COMB060','2023-06-12',200,225,200,78,8,58,'Campeonato Nacional de Kickboxing'),('COMB062','2023-06-14',67,89,67,12,5,59,'Copa Mundial de K1-I'),('COMB063','2023-06-15',123,145,145,45,27,60,'Torneo Internacional de Muay Thai'),('COMB064','2023-06-16',200,225,200,78,8,61,'Campeonato Nacional de Kickboxing'),('COMB066','2023-06-18',78,89,78,45,12,62,'Campeonato Nacional de Muay Thai'),('COMB067','2023-06-19',123,145,145,67,5,63,'Copa Mundial de Kickboxing'),('COMB068','2023-06-20',200,225,200,78,8,64,'Campeonato Nacional de Kickboxing'),('COMB070','2023-06-22',67,89,67,12,5,65,'Copa Mundial de K1-I'),('COMB071','2023-06-23',123,145,145,45,27,66,'Torneo Internacional de Muay Thai'),('COMB072','2023-06-24',200,225,200,78,8,67,'Campeonato Nacional de Kickboxing'),('COMB074','2023-06-26',78,89,78,45,12,68,'Campeonato Nacional de Muay Thai'),('COMB075','2023-06-27',123,145,145,67,5,69,'Copa Mundial de Kickboxing'),('COMB076','2023-06-28',200,225,200,78,8,70,'Campeonato Nacional de Kickboxing'),('COMB078','2023-06-30',67,89,67,12,5,71,'Copa Mundial de K1-I'),('COMB079','2023-07-01',123,145,145,45,27,72,'Torneo Internacional de Muay Thai'),('COMB080','2023-07-02',200,225,200,78,8,73,'Campeonato Nacional de Kickboxing'),('COMB082','2023-07-04',78,89,78,45,12,74,'Campeonato Nacional de Muay Thai'),('COMB083','2023-07-05',123,145,145,67,5,75,'Copa Mundial de Kickboxing'),('COMB084','2023-07-06',200,225,200,78,8,76,'Campeonato Nacional de Kickboxing'),('COMB086','2023-07-08',67,89,67,12,5,77,'Copa Mundial de K1-I'),('COMB087','2023-07-09',123,145,145,45,27,78,'Torneo Internacional de Muay Thai'),('COMB088','2023-07-10',200,225,200,78,8,79,'Campeonato Nacional de Kickboxing'),('COMB090','2023-07-12',78,89,78,45,12,80,'Campeonato Nacional de Muay Thai'),('COMB091','2023-07-13',123,145,145,67,5,81,'Copa Mundial de Kickboxing'),('COMB092','2023-07-14',200,225,200,78,8,82,'Campeonato Nacional de Kickboxing'),('COMB094','2023-07-16',67,89,67,12,5,83,'Copa Mundial de K1-I'),('COMB095','2023-07-17',123,145,145,45,27,84,'Torneo Internacional de Muay Thai'),('COMB096','2023-07-18',200,225,200,78,8,85,'Campeonato Nacional de Kickboxing'),('COMB098','2023-06-02',123,145,145,45,27,86,'Torneo Internacional de Muay Thai'),('COMB099','2023-06-03',200,225,200,78,8,87,'Campeonato Nacional de Kickboxing'),('COMB100','2023-06-04',67,89,67,12,5,88,'Copa Mundial de K1-I'),('COMB102','2023-06-06',67,89,67,12,5,89,'Copa Mundial de K1-I'),('COMB103','2023-06-07',123,145,145,45,27,90,'Torneo Internacional de Muay Thai'),('COMB104','2023-06-08',200,225,200,78,8,101,'Campeonato Nacional de Kickboxing'),('COMB106','2023-06-10',123,145,145,45,27,102,'Torneo Internacional de Muay Thai'),('COMB107','2023-06-11',200,225,200,78,8,103,'Campeonato Nacional de Kickboxing'),('COMB108','2023-06-12',67,89,67,12,5,104,'Copa Mundial de K1-I'),('COMB110','2023-06-14',67,89,67,12,5,105,'Copa Mundial de K1-I'),('COMB111','2023-06-15',123,145,145,45,27,106,'Torneo Internacional de Muay Thai'),('COMB112','2023-06-16',200,225,200,78,8,107,'Campeonato Nacional de Kickboxing'),('COMB114','2023-06-18',123,145,145,45,27,108,'Torneo Internacional de Muay Thai'),('COMB115','2023-06-19',200,225,200,78,8,109,'Campeonato Nacional de Kickboxing'),('COMB116','2023-06-20',67,89,67,12,5,110,'Copa Mundial de K1-I'),('COMB118','2023-06-22',67,89,67,12,5,111,'Copa Mundial de K1-I'),('COMB119','2023-06-23',123,145,145,45,27,112,'Torneo Internacional de Muay Thai'),('COMB120','2023-06-24',200,225,200,78,8,113,'Campeonato Nacional de Kickboxing'),('COMB122','2023-06-26',123,145,145,45,27,114,'Torneo Internacional de Muay Thai'),('COMB123','2023-06-27',200,225,200,78,8,115,'Campeonato Nacional de Kickboxing'),('COMB124','2023-06-28',67,89,67,12,5,116,'Copa Mundial de K1-I'),('COMB126','2023-06-30',67,89,67,12,5,117,'Copa Mundial de K1-I'),('COMB127','2023-07-01',123,145,145,45,27,118,'Torneo Internacional de Muay Thai'),('COMB128','2023-07-02',200,225,200,78,8,119,'Campeonato Nacional de Kickboxing'),('COMB130','2023-07-04',123,145,145,45,27,120,'Torneo Internacional de Muay Thai'),('COMB131','2023-07-05',200,225,200,78,8,121,'Campeonato Nacional de Kickboxing'),('COMB132','2023-07-06',67,89,67,12,5,122,'Copa Mundial de K1-I'),('COMB134','2023-07-08',67,89,67,12,5,123,'Copa Mundial de K1-I'),('COMB135','2023-07-09',123,145,145,45,27,124,'Torneo Internacional de Muay Thai'),('COMB136','2023-07-10',200,225,200,78,8,125,'Campeonato Nacional de Kickboxing'),('COMB138','2023-07-12',123,145,145,45,27,127,'Torneo Internacional de Muay Thai'),('COMB139','2023-07-13',200,225,200,78,8,128,'Campeonato Nacional de Kickboxing'),('COMB140','2023-07-14',67,89,67,12,5,129,'Copa Mundial de K1-I'),('COMB142','2023-07-16',67,89,67,12,5,130,'Copa Mundial de K1-I'),('COMB143','2023-07-17',123,145,145,45,27,131,'Torneo Internacional de Muay Thai'),('COMB144','2023-07-18',200,225,200,78,8,132,'Campeonato Nacional de Kickboxing'),('COMB145','2023-06-01',78,102,102,34,9,NULL,'Copa Mundial de Kickboxing'),('COMB147','2023-06-03',123,145,145,45,27,NULL,'Torneo Internacional de Muay Thai'),('COMB148','2023-06-04',200,225,200,78,8,NULL,'Campeonato Nacional de Kickboxing'),('COMB150','2023-06-06',78,102,102,34,9,NULL,'Copa Mundial de Kickboxing'),('COMB152','2023-06-08',123,145,145,45,27,NULL,'Torneo Internacional de Muay Thai'),('COMB153','2023-06-09',200,225,200,78,8,NULL,'Campeonato Nacional de Kickboxing'),('COMB155','2023-06-11',78,102,102,34,9,NULL,'Copa Mundial de Kickboxing'),('COMB157','2023-06-13',123,145,145,45,27,NULL,'Torneo Internacional de Muay Thai'),('COMB158','2023-06-14',200,225,200,78,8,NULL,'Campeonato Nacional de Kickboxing'),('COMB160','2023-06-16',78,102,102,34,9,NULL,'Copa Mundial de Kickboxing'),('COMB162','2023-06-18',123,145,145,45,27,NULL,'Torneo Internacional de Muay Thai'),('COMB163','2023-06-19',200,225,200,78,8,NULL,'Campeonato Nacional de Kickboxing'),('COMB167','2023-06-23',123,145,145,45,27,NULL,'Torneo Internacional de Muay Thai'),('COMB168','2023-06-24',200,225,200,78,8,NULL,'Campeonato Nacional de Kickboxing'),('COMB170','2023-06-26',78,102,102,34,9,NULL,'Copa Mundial de Kickboxing'),('COMB172','2023-06-28',123,145,145,45,27,NULL,'Torneo Internacional de Muay Thai'),('COMB173','2023-06-29',200,225,200,78,8,NULL,'Campeonato Nacional de Kickboxing'),('COMB175','2023-07-01',78,102,102,34,9,NULL,'Copa Mundial de Kickboxing'),('COMB177','2023-07-03',123,145,145,45,27,NULL,'Torneo Internacional de Muay Thai'),('COMB178','2023-07-04',200,225,200,78,8,NULL,'Campeonato Nacional de Kickboxing'),('COMB180','2023-07-06',78,102,102,34,9,NULL,'Copa Mundial de Kickboxing'),('COMB182','2023-07-08',123,145,145,45,27,NULL,'Torneo Internacional de Muay Thai'),('COMB183','2023-07-09',200,225,200,78,8,NULL,'Campeonato Nacional de Kickboxing'),('COMB185','2023-07-11',78,102,102,34,9,NULL,'Copa Mundial de Kickboxing'),('COMB187','2023-07-13',123,145,145,45,27,NULL,'Torneo Internacional de Muay Thai'),('COMB188','2023-07-14',200,225,200,78,8,NULL,'Campeonato Nacional de Kickboxing'),('COMB190','2023-07-16',78,102,102,34,9,NULL,'Copa Mundial de Kickboxing'),('COMB192','2023-07-18',123,145,145,45,27,NULL,'Torneo Internacional de Muay Thai');
/*!40000 ALTER TABLE `combate` ENABLE KEYS */;
UNLOCK TABLES;

--
-- Dumping data for table `competicion`
--

LOCK TABLES `competicion` WRITE;
/*!40000 ALTER TABLE `competicion` DISABLE KEYS */;
INSERT INTO `competicion` VALUES ('Campeonato Nacional de K1','Gimnasio Municipal','2024-01-15'),('Campeonato Nacional de Kickboxing','Estadio Nacional','2023-06-15'),('Campeonato Nacional de Muay Thai','Gimnasio Municipal','2023-10-15'),('Campeonato Regional de Kickboxing','Estadio Nacional','2023-06-15'),('Copa Mundial de K1-I','Arena de la Ciudad','2023-09-01'),('Copa Mundial de K1-II','Estadio Olímpico','2024-03-01'),('Copa Mundial de Kickboxing','Arena de la Ciudad','2023-09-01'),('Copa Mundial de Muay Thai','Estadio Olímpico','2023-12-01'),('Torneo Internacional de K1','Centro de Convenciones','2024-02-20'),('Torneo Internacional de Kickboxing','Centro de Convenciones','2023-07-20'),('Torneo Internacional de Muay Thai','Centro de Convenciones','2023-11-20'),('Torneo Nacienal de K1','Centro de Convenciones','2023-07-20');
/*!40000 ALTER TABLE `competicion` ENABLE KEYS */;
UNLOCK TABLES;
/*!50003 SET @saved_cs_client      = @@character_set_client */ ;
/*!50003 SET @saved_cs_results     = @@character_set_results */ ;
/*!50003 SET @saved_col_connection = @@collation_connection */ ;
/*!50003 SET character_set_client  = utf8mb4 */ ;
/*!50003 SET character_set_results = utf8mb4 */ ;
/*!50003 SET collation_connection  = utf8mb4_0900_ai_ci */ ;
/*!50003 SET @saved_sql_mode       = @@sql_mode */ ;
/*!50003 SET sql_mode              = 'ONLY_FULL_GROUP_BY,STRICT_TRANS_TABLES,NO_ZERO_IN_DATE,NO_ZERO_DATE,ERROR_FOR_DIVISION_BY_ZERO,NO_ENGINE_SUBSTITUTION' */ ;
DELIMITER ;;
/*!50003 CREATE*/ /*!50017 DEFINER=`root`@`localhost`*/ /*!50003 TRIGGER `trigger2` BEFORE INSERT ON `competicion` FOR EACH ROW begin

		if new.fecha < '2020-01-01' then

			set new.fecha = now();

		else

			set new.fecha = LEAST(new.fecha, now());

		end if;

	end */;;
DELIMITER ;
/*!50003 SET sql_mode              = @saved_sql_mode */ ;
/*!50003 SET character_set_client  = @saved_cs_client */ ;
/*!50003 SET character_set_results = @saved_cs_results */ ;
/*!50003 SET collation_connection  = @saved_col_connection */ ;

--
-- Dumping data for table `equipo`
--

LOCK TABLES `equipo` WRITE;
/*!40000 ALTER TABLE `equipo` DISABLE KEYS */;
INSERT INTO `equipo` VALUES (1,'Los Tigres','Calle 1, Ciudad de México','Gimnasio Azul','Juan Pérez',NULL),(2,'Los Lobos','Avenida 2, Guadalajara','Gimnasio Verde','Pedro Rodríguez',NULL),(3,'Los Leones','Calle 3, Monterrey','Gimnasio Rojo','Luisa González',NULL),(4,'Los Halcones','Avenida 4, Puebla','Gimnasio Dorado','Jorge Hernández',NULL),(5,'Las Águilas','Calle 5, Tijuana','Gimnasio Plateado','María Torres',NULL),(6,'Los Panteras','Avenida 6, Cancún','Gimnasio Negro','José Gómez',NULL),(7,'Los Jaguares','Calle 7, Mérida','Gimnasio Blanco','Laura Sánchez',NULL),(8,'Los Canguros','Avenida 8, Veracruz','Gimnasio Gris','Carlos Díaz',NULL),(9,'Los Elefantes','Calle 9, Querétaro','Gimnasio Marrón','Ana Martínez',NULL),(10,'Los Rinocerontes','Avenida 10, Acapulco','Gimnasio Celeste','Fernando Ramírez',NULL),(11,'Los Lobos de la noche','Calle 11, Ensenada','Gimnasio Morado','Ricardo Flores',NULL),(12,'Las Serpientes','Avenida 12, Mazatlán','Gimnasio Naranja','Gabriela García',NULL),(13,'Los Escorpiones','Calle 13, Oaxaca','Gimnasio Amarillo','Alberto Hernández',NULL),(14,'Los Zorros','Avenida 14, Toluca','Gimnasio Azul Marino','Laura Gómez',NULL),(15,'Los Dragones','Calle 15, Hermosillo','Gimnasio Verde Claro','Jorge Rodríguez',NULL),(16,'Las Panteras Negras','Avenida 16, La Paz','Gimnasio Rojo Fuego','Mónica Pérez',NULL),(17,'Los Halcones Dorados','Calle 17, Chihuahua','Gimnasio Dorado Brillante','Juan Hernández',NULL),(18,'Los Tigres Blancos','Avenida 18, Durango','Gimnasio Plateado Oscuro','Pedro Torres',NULL),(19,'Las Águilas Rojas','Calle 19, Nuevo Laredo','Gimnasio Negro Mate','Luisa Sánchez',NULL),(20,'Los Leones Salvajes','Avenida 20, Tuxtla Gutiérrez','Gimnasio Blanco Puro','Jorge Gómez',NULL),(101,'Tigres','Calle de las Fieras, 22','León Gym','Pablo Rodríguez',NULL),(102,'Leones del Sur','Calle del Sol, 45','Arenas Fitness','Jorge Sánchez',NULL),(103,'Dragones Negros','Avenida de los Dragones, 11','Gym Dragon','Diego Martín',NULL),(104,'Tiburones Blancos','Calle del Mar, 30','Océano Sport','Luisa Ruiz',NULL),(105,'Lobos del Norte','Calle de la Luna, 8','Norte Fitness','Marcela García',NULL),(106,'Panteras','Calle de las Panteras, 7','Panther Gym','Santiago Pérez',NULL),(107,'Jaguares','Avenida de los Jaguares, 20','Jungle Gym','Valeria Martínez',NULL),(108,'Halcones','Calle del Cielo, 33','Sky Gym','Gabriel Fernández',NULL),(109,'Águilas del Este','Calle del Viento, 15','Este Fitness','Sandra Torres',NULL),(110,'Osos Polares','Avenida de los Osos, 4','Nieve Gym','Hugo Moreno',NULL),(111,'Gorilas','Calle de los Gorilas, 21','Wild Gym','Carolina Díaz',NULL),(112,'Cocodrilos','Avenida de los Cocodrilos, 10','Croco Gym','Lucas Soto',NULL),(113,'Serpientes Venenosas','Calle de las Serpientes, 14','Venom Gym','Fernanda Castro',NULL),(114,'Escorpiones','Calle de los Escorpiones, 23','Scorpion Gym','Mario López',NULL),(115,'Murciélagos','Calle de los Murciélagos, 12','Bat Gym','Lorena González',NULL),(116,'Arañas','Calle de las Arañas, 19','Spider Gym','David Ramírez',NULL),(117,'Rinocerontes','Calle de los Rinocerontes, 6','Rhino Gym','Samantha Ortiz',NULL),(118,'Hipopótamos','Calle de los Hipopótamos, 3','Hippo Gym','Omar López',NULL),(119,'Elefantes','Calle de los Elefantes, 17','Safari Fitness','Ana Torres',NULL),(120,'Canguros','Calle de los Canguros, 25','Kangaroo Gym','Diego Ramírez',NULL),(121,'Leopardos','Calle de los Leopardos, 16','Leopard Gym','Andrea Sánchez',NULL),(122,'Pumas','Calle de los Pumas, 28','Wildcat Fitness','Juan García',NULL),(201,'Tigres','Calle 8 #34','The Jungle Gym','Jorge Pérez',NULL),(202,'Fuerza de Hierro','Av. 5 de Mayo #12','Iron House','Juan Hernández',NULL),(203,'Leones Negros','Calle 10 #67','Black Lion','María Rodríguez',NULL),(204,'Dragones Dorados','Av. Reforma #45','Golden Dragon','Pedro López',NULL),(205,'Guerreros del Ring','Calle 14 #23','Wrestling Arena','Ana Gómez',NULL),(206,'Titanes del Box','Av. 20 de Noviembre #56','Coliseum Gym','Héctor García',NULL),(207,'Lobos del Norte','Calle 3 #98','Wolf Pack Gym','Julio Ramírez',NULL),(208,'Águilas Negras','Av. Juárez #76','Black Eagles','Lucía Torres',NULL),(209,'Panteras del Ring','Calle 12 #43','Panther Gym','Mario Sánchez',NULL),(210,'Estrellas del Boxeo','Av. Constitución #90','Star Arena','Laura Martínez',NULL),(211,'Fénix Team','Calle 6 #21','Phoenix Gym','Oscar Ruiz',NULL),(212,'Toro Salvaje','Av. Morelos #34','Bullring Gym','Luis Ortiz',NULL),(213,'Pirañas del Ring','Calle 16 #76','Piranha Gym','Sara Pérez',NULL),(214,'Jaguares Box','Av. Hidalgo #23','Jaguar Arena','Gabriel Flores',NULL),(215,'Gladiadores del Box','Calle 9 #54','Gladiator Gym','Fernando Medina',NULL),(216,'Los Invencibles','Av. Reforma #12','Invincible Gym','Arturo González',NULL),(217,'Los Cobras','Calle 7 #89','Cobra Gym','Carlos Díaz',NULL),(218,'Leones Plateados','Av. Las Palmas #67','Silver Lion Gym','Miguel Hernández',NULL),(219,'Cazadores del Ring','Calle 5 #34','Hunter Arena','Ricardo López',NULL),(220,'Llamarada Team','Av. 20 de Noviembre #56','Flame Gym','Martha Pérez',NULL),(221,'Ángeles del Ring','Calle 12 #43','Angel Arena','Pedro García',NULL),(222,'Tigres Salvajes','Av. Juárez #76','Wild Tiger Gym','Lucas Torres',NULL),(223,'Halcones del Ring','Calle 6 #21','Hawk Gym','Isabel Flores',NULL),(224,'Rojinegros del Box','Av. Morelos #34','Red and Black Gym','Juan Ortiz',NULL),(225,'Panteras Negras','Calle 16 #76','Black Panther Gym','Sofía Pérez',NULL);
/*!40000 ALTER TABLE `equipo` ENABLE KEYS */;
UNLOCK TABLES;

--
-- Dumping data for table `juez`
--

LOCK TABLES `juez` WRITE;
/*!40000 ALTER TABLE `juez` DISABLE KEYS */;
INSERT INTO `juez` VALUES (1,'Juan','García','España','Kickboxing'),(2,'Maria','Lopez','México','Muay Thai'),(3,'David','Kim','Corea del Sur','K1'),(4,'Sara','Smith','Estados Unidos','Kickboxing'),(5,'Ahmed','Ali','Egipto','Muay Thai'),(6,'Yuki','Nakamura','Japón','K1'),(7,'Luis','González','Argentina','Kickboxing'),(8,'Anna','Kovacs','Hungría','Muay Thai'),(9,'Mikhail','Ivanov','Rusia','K1'),(10,'Sophie','Martin','Francia','Kickboxing'),(11,'Javier','González','España','Muay Thai'),(12,'Yusuke','Sato','Japón','K1'),(13,'Marta','Rodríguez','México','Kickboxing'),(14,'Mohammed','Abdullah','Egipto','Muay Thai'),(15,'Ji-hoon','Lee','Corea del Sur','K1'),(16,'Lucas','Silva','Brasil','Kickboxing'),(17,'Elena','Kovaleva','Rusia','Muay Thai'),(18,'Gabor','Nagy','Hungría','K1'),(19,'Isabella','Rossi','Italia','Kickboxing'),(20,'Hiroshi','Tanaka','Japón','Muay Thai'),(21,'Lena','Andersson','Suecia','K1'),(22,'Carlos','González','México','Kickboxing'),(23,'Mohammed','Ali','Egipto','Muay Thai'),(24,'Jae-hyun','Kim','Corea del Sur','K1'),(25,'Gabriel','Silva','Brasil','Kickboxing'),(26,'Nina','Kovacs','Hungría','Muay Thai'),(27,'Ivan','Petrov','Rusia','K1'),(28,'Giuseppe','Ricci','Italia','Kickboxing'),(29,'Takashi','Nakamura','Japón','Muay Thai'),(30,'Emma','Larsson','Suecia','K1'),(31,'Alejandro','García','México','Kickboxing'),(32,'Fatima','Abdullah','Egipto','Muay Thai'),(33,'Sang-hoon','Lee','Corea del Sur','K1'),(34,'Rafael','Santos','Brasil','Kickboxing'),(35,'Katalin','Nagy','Hungría','Muay Thai'),(36,'Dmitry','Ivanov','Rusia','K1'),(37,'Antonio','Bianchi','Italia','Kickboxing'),(38,'Yoshihiro','Suzuki','Japón','Muay Thai'),(39,'Erik','Johansson','Suecia','K1'),(40,'Juan','Hernández','México','Kickboxing'),(41,'Aisha','Mohammed','Egipto','Muay Thai'),(42,'Ji-yeon','Kim','Corea del Sur','K1'),(43,'Luciana','Silveira','Brasil','Kickboxing'),(44,'Krisztina','Toth','Hungría','Muay Thai'),(45,'Nikolai','Petrov','Rusia','K1'),(46,'Giovanni','Rizzo','Italia','Kickboxing'),(47,'Tatsuya','Yamamoto','Japón','Muay Thai'),(48,'Johan','Lindström','Suecia','K1'),(49,'Pedro','González','México','Kickboxing'),(50,'Hassan','Ali','Egipto','Muay Thai'),(51,'Seung-ho','Park','Corea del Sur','K1'),(52,'Marcelo','Santos','Brasil','Kickboxing'),(53,'Klara','Nagy','Hungría','Muay Thai'),(54,'Sergei','Ivanov','Rusia','K1'),(55,'Francesco','Romano','Italia','Kickboxing'),(56,'Kazuo','Nakamura','Japón','Muay Thai'),(57,'Eva','Andersson','Suecia','K1'),(58,'Diego','García','México','Kickboxing'),(59,'Amina','Mohammed','Egipto','Muay Thai'),(60,'Ji-hye','Kim','Corea del Sur','K1'),(61,'Fernando','Silva','Brasil','Kickboxing'),(62,'Anita','Kovacs','Hungría','Muay Thai'),(63,'Vladimir','Petrov','Rusia','K1'),(64,'Giacomo','Ricci','Italia','Kickboxing'),(65,'Takumi','Sato','Japón','Muay Thai'),(66,'Johanna','Larsson','Suecia','K1'),(67,'Luis','Hernández','México','Kickboxing'),(68,'Ali','Hassan','Egipto','Muay Thai'),(69,'Jae-min','Lee','Corea del Sur','K1'),(70,'Ricardo','Santos','Brasil','Kickboxing'),(71,'Krisztian','Toth','Hungría','Muay Thai'),(72,'Dmitri','Ivanov','Rusia','K1'),(73,'Marco','Bianchi','Italia','Kickboxing'),(74,'Yuki','Suzuki','Japón','Muay Thai'),(75,'Erik','Andersson','Suecia','K1'),(76,'Pedro','González','México','Kickboxing'),(77,'Fatima','Mohammed','Egipto','Muay Thai'),(78,'Sang-min','Kim','Corea del Sur','K1'),(79,'Lucas','Silveira','Brasil','Kickboxing'),(80,'Katalin','Nagy','Hungría','Muay Thai'),(81,'Nikolai','Petrov','Rusia','K1'),(82,'Giovanni','Rizzo','Italia','Kickboxing'),(83,'Tatsuo','Yamamoto','Japón','Muay Thai'),(84,'Johanna','Lindström','Suecia','K1'),(85,'Carlos','García','México','Kickboxing'),(86,'Aisha','Ali','Egipto','Muay Thai'),(87,'Seung-woo','Park','Corea del Sur','K1'),(88,'Marcelo','Santos','Brasil','Kickboxing'),(89,'Klara','Nagy','Hungría','Muay Thai'),(90,'Sergei','Ivanov','Rusia','K1'),(91,'Francesco','Romano','Italia','Kickboxing'),(92,'Kazuo','Nakamura','Japón','Muay Thai'),(93,'Eva','Andersson','Suecia','K1'),(94,'Diego','García','México','Kickboxing'),(95,'Amina','Mohammed','Egipto','Muay Thai'),(96,'Ji-hye','Kim','Corea del Sur','K1'),(97,'Fernando','Silva','Brasil','Kickboxing'),(98,'Anita','Kovacs','Hungría','Muay Thai'),(99,'Vladimir','Petrov','Rusia','K1'),(100,'Giacomo','Ricci','Italia','Kickboxing'),(101,'Takumi','Sato','Japón','Muay Thai'),(102,'Johanna','Larsson','Suecia','K1'),(103,'Luis','Hernández','México','Kickboxing'),(104,'Ali','Hassan','Egipto','Muay Thai'),(105,'Jae-min','Lee','Corea del Sur','K1'),(106,'Ricardo','Santos','Brasil','Kickboxing'),(107,'Krisztian','Toth','Hungría','Muay Thai'),(108,'Dmitri','Ivanov','Rusia','K1'),(109,'Marco','Bianchi','Italia','Kickboxing'),(110,'Yuki','Suzuki','Japón','Muay Thai'),(111,'Erik','Andersson','Suecia','K1'),(112,'Pedro','González','México','Kickboxing'),(113,'Fatima','Mohammed','Egipto','Muay Thai'),(114,'Sang-min','Kim','Corea del Sur','K1'),(115,'Lucas','Silveira','Brasil','Kickboxing'),(116,'Katalin','Nagy','Hungría','Muay Thai'),(117,'Nikolai','Petrov','Rusia','K1'),(118,'Giovanni','Rizzo','Italia','Kickboxing'),(119,'Tatsuo','Yamamoto','Japón','Muay Thai'),(120,'Johanna','Lindström','Suecia','K1'),(121,'Carlos','García','México','Kickboxing'),(122,'Aisha','Ali','Egipto','Muay Thai'),(123,'Seung-woo','Park','Corea del Sur','K1'),(124,'Marcelo','Santos','Brasil','Kickboxing'),(125,'Klara','Nagy','Hungría','Muay Thai'),(126,'Sergei','Ivanov','Rusia','K1'),(127,'Francesco','Romano','Italia','Kickboxing'),(128,'Kazuo','Nakamura','Japón','Muay Thai'),(129,'Eva','Andersson','Suecia','K1'),(130,'Diego','García','México','Kickboxing'),(131,'Amina','Mohammed','Egipto','Muay Thai'),(132,'Ji-hye','Kim','Corea del Sur','K1'),(133,'Fernando','Silva','Brasil','Kickboxing'),(134,'Anita','Kovacs','Hungría','Muay Thai'),(135,'Vladimir','Petrov','Rusia','K1'),(136,'Giacomo','Ricci','Italia','Kickboxing'),(137,'Takumi','Sato','Japón','Muay Thai'),(138,'Johanna','Larsson','Suecia','K1'),(139,'Luis','Hernández','México','Kickboxing'),(140,'Ali','Hassan','Egipto','Muay Thai'),(141,'Jae-min','Lee','Corea del Sur','K1'),(142,'Ricardo','Santos','Brasil','Kickboxing'),(143,'Krisztian','Toth','Hungría','Muay Thai'),(144,'Dmitri','Ivanov','Rusia','K1'),(145,'Marco','Bianchi','Italia','Kickboxing'),(146,'Yuki','Suzuki','Japón','Muay Thai'),(147,'Erik','Andersson','Suecia','K1'),(148,'Pedro','González','México','Kickboxing'),(149,'Fatima','Mohammed','Egipto','Muay Thai'),(150,'Sang-min','Kim','Corea del Sur','K1'),(151,'Lucas','Silveira','Brasil','Kickboxing'),(152,'Katalin','Nagy','Hungría','Muay Thai'),(153,'Nikolai','Petrov','Rusia','K1'),(154,'Giovanni','Rizzo','Italia','Kickboxing'),(155,'Tatsuo','Yamamoto','Japón','Muay Thai'),(156,'Johanna','Lindström','Suecia','K1'),(157,'Carlos','García','México','Kickboxing'),(158,'Aisha','Ali','Egipto','Muay Thai'),(159,'Seung-woo','Park','Corea del Sur','K1'),(160,'Marcelo','Santos','Brasil','Kickboxing'),(161,'Klara','Nagy','Hungría','Muay Thai'),(162,'Sergei','Ivanov','Rusia','K1'),(163,'Francesco','Romano','Italia','Kickboxing'),(164,'Kazuo','Nakamura','Japón','Muay Thai'),(165,'Eva','Andersson','Suecia','K1'),(166,'Diego','García','México','Kickboxing'),(167,'Amina','Mohammed','Egipto','Muay Thai'),(168,'Ji-hye','Kim','Corea del Sur','K1'),(169,'Fernando','Silva','Brasil','Kickboxing'),(170,'Anita','Kovacs','Hungría','Muay Thai'),(171,'Vladimir','Petrov','Rusia','K1'),(172,'Giacomo','Ricci','Italia','Kickboxing'),(173,'Takumi','Sato','Japón','Muay Thai'),(174,'Johanna','Larsson','Suecia','K1'),(175,'Luis','Hernández','México','Kickboxing'),(176,'Ali','Hassan','Egipto','Muay Thai'),(177,'Jae-min','Lee','Corea del Sur','K1'),(178,'Ricardo','Santos','Brasil','Kickboxing'),(179,'Krisztian','Toth','Hungría','Muay Thai'),(180,'Dmitri','Ivanov','Rusia','K1'),(181,'Marco','Bianchi','Italia','Kickboxing'),(182,'Yuki','Suzuki','Japón','Muay Thai'),(183,'Erik','Andersson','Suecia','K1'),(184,'Pedro','González','México','Kickboxing'),(185,'Fatima','Mohammed','Egipto','Muay Thai'),(186,'Sang-min','Kim','Corea del Sur','K1'),(187,'Lucas','Silveira','Brasil','Kickboxing'),(188,'Katalin','Nagy','Hungría','Muay Thai'),(189,'Nikolai','Petrov','Rusia','K1'),(190,'Giovanni','Rizzo','Italia','Kickboxing'),(191,'Tatsuo','Yamamoto','Japón','Muay Thai'),(192,'Johanna','Lindström','Suecia','K1'),(193,'Carlos','García','México','Kickboxing'),(194,'Aisha','Ali','Egipto','Muay Thai'),(195,'Seung-woo','Park','Corea del Sur','K1'),(196,'Marcelo','Santos','Brasil','Kickboxing'),(197,'Klara','Nagy','Hungría','Muay Thai'),(198,'Sergei','Ivanov','Rusia','K1'),(199,'Francesco','Romano','Italia','Kickboxing'),(200,'Kazuo','Nakamura','Japón','Muay Thai');
/*!40000 ALTER TABLE `juez` ENABLE KEYS */;
UNLOCK TABLES;

--
-- Dumping data for table `peleador`
--

LOCK TABLES `peleador` WRITE;
/*!40000 ALTER TABLE `peleador` DISABLE KEYS */;
INSERT INTO `peleador` VALUES (1,'Tom',71,'Riddle',100,0,0,1),(2,'Bellatrix',47,'Lestrange',50,10,0,1),(3,'Lucius',52,'Malfoy',30,20,0,1),(4,'Severus',38,'Snape',40,10,0,2),(5,'Dolores',53,'Umbridge',20,5,0,2),(6,'Gellert',53,'Grindelwald',70,10,0,3),(7,'Fenrir',45,'Greyback',30,15,0,3),(8,'Antonin',42,'Dolohov',25,10,0,4),(9,'Yaxley',45,'',20,5,0,4),(10,'Alecto',40,'Carrow',15,5,0,5),(11,'Amycus',40,'Carrow',15,5,0,5),(12,'Rodolphus',50,'Lestrange',25,10,0,6),(13,'Rabastan',50,'Lestrange',25,10,0,6),(14,'Igor',55,'Karkaroff',20,10,0,7),(15,'Walden',45,'Macnair',25,5,0,7),(16,'Barty',35,'Crouch Jr.',15,5,0,8),(17,'Peter',38,'Pettigrew',5,20,0,8),(18,'Regulus',22,'Black',10,5,0,9),(19,'Igor',30,'Dmitrovich',10,5,0,9),(20,'Gilderoy',40,'Lockhart',5,10,0,10),(21,'Cornelius',60,'Fudge',0,5,0,10),(22,'Pius',50,'Thickness',5,5,0,11),(23,'Rufus',60,'Scrimgeour',5,10,0,11),(24,'Kingsley',45,'Shacklebolt',15,5,0,12),(25,'Nymphadora',25,'Tonks',10,5,0,12),(26,'Remus',38,'Lupin',15,10,0,13),(27,'Sirius',36,'Black',20,10,0,13),(28,'James',21,'Potter',10,5,0,14),(29,'Lily',21,'Potter',10,5,0,14),(30,'Albus',115,'Dumbledore',50,5,0,15),(31,'Minerva',70,'McGonagall',10,5,0,15),(32,'Severus',40,'Dumbledore',10,5,0,16),(33,'Ginny',20,'Weasley',5,5,0,16),(34,'Ron',22,'Weasley',10,5,0,17),(35,'Hermione',22,'Granger',10,5,0,17),(36,'Fred',20,'Weasley',5,5,0,18),(37,'George',20,'Weasley',5,5,0,18),(38,'Neville',22,'Longbottom',10,5,0,19),(39,'Luna',20,'Lovegood',5,5,0,19),(40,'Cedric',18,'Diggory',10,5,0,20),(41,'Cho',20,'Chang',5,5,0,20),(65,'Gryffindor',18,'Champion',20,30,0,121),(66,'Cedric',19,'Diggory',15,35,0,122),(67,'Cho',22,'Chang',10,40,0,101),(68,'Fleur',22,'Delacour',5,45,0,102),(69,'Viktor',25,'Krum',50,0,0,103),(70,'Gabrielle',18,'Delacour',40,10,0,104),(71,'Bill',30,'Weasley',30,20,0,105),(72,'Charlie',28,'Weasley',25,25,0,106),(73,'Fred',20,'Weasley',20,30,0,107),(74,'George',20,'Weasley',15,35,0,108),(75,'Oliver',25,'Wood',10,40,0,109),(76,'Angelina',22,'Johnson',5,45,0,110),(77,'Alicia',22,'Spinnet',50,0,0,111),(78,'Katie',22,'Bell',40,10,0,112),(79,'Marcus',25,'Flint',30,20,0,113),(80,'Terence',23,'Higgs',25,25,0,114),(81,'Cormac',22,'McLaggen',20,30,0,115),(82,'Romilda',20,'Vane',15,35,0,116),(83,'Lavender',20,'Brown',10,40,0,117),(84,'Parvati',20,'Patil',5,45,0,118),(85,'Padma',20,'Patil',50,0,0,119),(86,'Hannah',18,'Abbott',40,10,0,120),(87,'Susan',18,'Bones',30,20,0,121),(88,'Ernie',20,'Macmillan',25,25,0,122),(89,'Justin',20,'Finch-Fletchley',20,30,0,101),(90,'Hufflepuff',19,'Champion',15,35,0,102),(91,'Ravenclaw',22,'Champion',10,40,0,103),(92,'Slytherin',25,'Champion',5,45,0,104),(93,'Gryffindor',18,'Champion',50,0,0,105),(94,'Cedric',19,'Diggory',40,10,0,106),(95,'Cho',22,'Chang',30,20,0,107),(96,'Fleur',22,'Delacour',25,25,0,108),(97,'Viktor',25,'Krum',20,30,0,109),(98,'Gabrielle',18,'Delacour',15,35,0,110),(99,'Bill',30,'Weasley',10,40,0,111),(100,'Charlie',28,'Weasley',5,45,0,112),(101,'Alecto',35,'Carrow',20,10,0,201),(102,'Amycus',33,'Carrow',15,15,0,202),(103,'Igor',50,'Karkaroff',10,20,0,203),(104,'Walden',40,'Macnair',5,25,0,204),(105,'Rodolphus',40,'Lestrange',0,30,0,205),(106,'Rabastan',40,'Lestrange',0,35,0,206),(107,'Augustus',45,'Rookwood',0,40,0,207),(108,'Gilderoy',35,'Lockhart',25,5,0,208),(109,'Cornelius',60,'Fudge',20,15,0,209),(110,'Pius',55,'Thickness',15,20,0,210),(111,'Rufus',50,'Scrimgeour',10,25,0,211),(112,'Kingsley',45,'Shacklebolt',5,30,0,212),(113,'Percy',30,'Weasley',0,35,0,213),(114,'Dedalus',50,'Diggle',0,40,0,214),(115,'Vincent',30,'Crabbe',20,10,0,215),(116,'Gregory',30,'Goyle',15,15,0,216),(117,'Draco',25,'Malfoy',10,20,0,217),(118,'Blaise',25,'Zabini',5,25,0,218),(119,'Theodore',25,'Nott',0,30,0,219),(120,'Millicent',28,'Bulstrode',0,35,0,220),(121,'Pansy',23,'Parkinson',0,40,0,221),(122,'Harry',20,'Potter',30,5,0,222),(123,'Ron',20,'Weasley',25,10,0,223),(124,'Hermione',20,'Granger',20,15,0,224),(125,'Neville',20,'Longbottom',15,20,0,225),(126,'Ginny',18,'Weasley',10,25,0,201),(127,'Luna',18,'Lovegood',5,30,0,202),(128,'Dean',20,'Thomas',0,35,0,203),(129,'Seamus',20,'Finnigan',0,40,0,204),(130,'Cho',22,'Chang',20,10,0,205),(131,'Cedric',19,'Diggory',15,15,0,206),(132,'Fleur',22,'Delacour',10,20,0,207),(133,'Viktor',25,'Krum',5,25,0,208),(134,'Gabrielle',18,'Delacour',0,30,0,209),(135,'Bill',30,'Weasley',0,35,0,210),(136,'Charlie',28,'Weasley',0,40,0,211),(137,'Fred',20,'Weasley',25,10,0,212),(138,'George',20,'Weasley',20,15,0,213),(139,'Oliver',25,'Wood',15,20,0,214),(140,'Angelina',22,'Johnson',10,25,0,215),(141,'Alicia',22,'Spinnet',5,30,0,216),(142,'Katie',22,'Bell',0,35,0,217),(143,'Marcus',25,'Flint',0,40,0,218),(144,'Terence',23,'Higgs',20,10,0,219),(145,'Cormac',22,'McLaggen',15,15,0,220),(146,'Romilda',20,'Vane',10,20,0,221),(147,'Lavender',20,'Brown',5,25,0,222),(148,'Parvati',20,'Patil',0,30,0,223),(149,'Padma',20,'Patil',0,35,0,224),(150,'Hannah',18,'Abbott',15,10,0,225),(151,'Susan',18,'Bones',10,15,0,201),(152,'Ernie',20,'Macmillan',5,20,0,202),(153,'Justin',20,'Finch-Fletchley',0,25,0,203),(154,'Hufflepuff',19,'Champion',0,30,0,204),(155,'Ravenclaw',22,'Champion',0,35,0,205),(156,'Slytherin',25,'Champion',20,10,0,206),(157,'Gryffindor',18,'Champion',15,15,0,207),(158,'Cedric',19,'Diggory',10,20,0,208),(159,'Cho',22,'Chang',5,25,0,209),(160,'Fleur',22,'Delacour',0,30,0,210),(161,'Viktor',25,'Krum',0,35,0,211),(162,'Gabrielle',18,'Delacour',20,10,0,212),(163,'Bill',30,'Weasley',15,15,0,213),(164,'Charlie',28,'Weasley',10,20,0,214),(165,'Fred',20,'Weasley',5,25,0,215),(166,'George',20,'Weasley',0,30,0,216),(167,'Oliver',25,'Wood',0,35,0,217),(168,'Angelina',22,'Johnson',20,10,0,218),(169,'Alicia',22,'Spinnet',15,15,0,219),(170,'Katie',22,'Bell',10,20,0,220),(171,'Marcus',25,'Flint',5,25,0,221),(172,'Terence',23,'Higgs',0,30,0,222),(173,'Cormac',22,'McLaggen',25,5,0,223),(174,'Romilda',20,'Vane',20,10,0,224),(175,'Lavender',20,'Brown',15,15,0,225),(176,'Parvati',20,'Patil',10,20,0,201),(177,'Padma',20,'Patil',5,25,0,202),(178,'Hannah',18,'Abbott',0,30,0,203),(179,'Susan',18,'Bones',25,5,0,204),(180,'Ernie',20,'Macmillan',20,10,0,205),(181,'Justin',20,'Finch-Fletchley',15,15,0,206),(182,'Hufflepuff',19,'Champion',10,20,0,207),(183,'Ravenclaw',22,'Champion',5,25,0,208),(184,'Slytherin',25,'Champion',0,30,0,209),(185,'Gryffindor',18,'Champion',20,10,0,210),(186,'Cedric',19,'Diggory',15,15,0,211),(187,'Cho',22,'Chang',10,20,0,212),(188,'Fleur',22,'Delacour',5,25,0,213),(189,'Viktor',25,'Krum',0,30,0,214),(190,'Gabrielle',18,'Delacour',25,5,0,215),(191,'Bill',30,'Weasley',20,10,0,216),(192,'Charlie',28,'Weasley',15,15,0,217),(193,'Fred',20,'Weasley',10,20,0,218),(194,'George',20,'Weasley',5,25,0,219),(195,'Oliver',25,'Wood',0,30,0,220),(196,'Angelina',22,'Johnson',20,10,0,221),(197,'Alicia',22,'Spinnet',15,15,0,222),(198,'Katie',22,'Bell',10,20,0,223),(199,'Marcus',25,'Flint',5,25,0,224),(200,'Terence',23,'Higgs',0,30,0,225),(201,'Romilda',20,'Vane',25,5,0,201),(202,'Lavender',20,'Brown',20,10,0,202),(203,'Seamus',20,'Finnigan',15,15,0,203),(204,'Dean',20,'Thomas',10,20,0,204),(205,'Luna',18,'Lovegood',5,25,0,205),(206,'Ginny',18,'Weasley',0,30,0,206),(207,'Neville',20,'Longbottom',20,10,0,207),(208,'Hermione',20,'Granger',15,15,0,208),(209,'Ron',20,'Weasley',10,20,0,209),(210,'Harry',20,'Potter',5,25,0,210),(211,'Pansy',23,'Parkinson',25,5,0,211),(212,'Millicent',28,'Bulstrode',20,10,0,212),(213,'Theodore',25,'Nott',15,15,0,213),(214,'Blaise',25,'Zabini',10,20,0,214),(215,'Draco',25,'Malfoy',5,25,0,215),(216,'Gregory',30,'Goyle',0,30,0,216),(217,'Vincent',30,'Crabbe',25,5,0,217),(218,'Dedalus',50,'Diggle',20,10,0,218),(219,'Percy',30,'Weasley',15,15,0,219),(220,'Kingsley',45,'Shacklebolt',10,20,0,220),(221,'Rufus',50,'Scrimgeour',5,25,0,221),(222,'Pius',55,'Thickness',0,30,0,222),(223,'Cornelius',60,'Fudge',25,5,0,223),(224,'Gilderoy',35,'Lockhart',20,10,0,224),(225,'Augustus',45,'Rookwood',15,15,0,225);
/*!40000 ALTER TABLE `peleador` ENABLE KEYS */;
UNLOCK TABLES;

--
-- Dumping data for table `promotor`
--

LOCK TABLES `promotor` WRITE;
/*!40000 ALTER TABLE `promotor` DISABLE KEYS */;
INSERT INTO `promotor` VALUES (1,'Juan','García','México'),(2,'María','Hernández','España'),(3,'John','Smith','Estados Unidos'),(4,'Luis','González','México'),(5,'Ana','Martínez','España'),(6,'William','Johnson','Estados Unidos'),(7,'Jorge','Pérez','México'),(8,'Sofía','Gómez','España'),(9,'Michael','Brown','Estados Unidos'),(10,'Carlos','Rodríguez','México'),(11,'Lucía','Fernández','España'),(12,'David','Davis','Estados Unidos'),(13,'Pedro','Sánchez','México'),(14,'Isabel','Gutiérrez','España'),(15,'Robert','Miller','Estados Unidos'),(16,'Fernando','López','México'),(17,'Carmen','Jiménez','España'),(18,'Daniel','Wilson','Estados Unidos'),(19,'Miguel','García','México'),(20,'Laura','Pérez','España'),(21,'Christopher','Taylor','Estados Unidos'),(22,'Ricardo','Hernández','México'),(23,'Marina','González','España'),(24,'Matthew','Anderson','Estados Unidos'),(25,'Javier','Martínez','México'),(26,'Sara','Sánchez','España'),(27,'Andrew','Thomas','Estados Unidos'),(28,'Gabriel','García','México'),(29,'Natalia','Fernández','España'),(30,'James','Jackson','Estados Unidos'),(31,'Héctor','López','México'),(32,'Elena','Gómez','España'),(33,'Richard','White','Estados Unidos'),(34,'Diego','Rodríguez','México'),(35,'Paula','Martínez','España'),(36,'Mark','Davis','Estados Unidos'),(37,'Alejandro','Sánchez','México'),(38,'Cristina','Gutiérrez','España'),(39,'Steven','Clark','Estados Unidos'),(40,'Jesús','Pérez','México'),(41,'María','Herrera','España'),(42,'Kevin','Lee','Estados Unidos'),(43,'José','García','México'),(44,'Alicia','Fernández','España'),(45,'Brandon','Scott','Estados Unidos'),(46,'Francisco','López','México'),(47,'Raquel','Gómez','España'),(48,'Jacob','Young','Estados Unidos'),(49,'Manuel','Martínez','México'),(50,'Lucas','Sánchez','España'),(51,'Eric','Green','Estados Unidos'),(52,'Guillermo','García','México'),(53,'Marina','Fernández','España'),(54,'Scott','Hall','Estados Unidos'),(55,'Jorge','López','México'),(56,'Celia','Gómez','España'),(57,'Justin','King','Estados Unidos'),(58,'Roberto','Pérez','México'),(59,'Ainhoa','Martínez','España'),(60,'Emily','Wright','Estados Unidos'),(61,'Mauricio','Hernández','México'),(62,'María','Sánchez','España'),(63,'Adam','Johnson','Estados Unidos'),(64,'Lorenzo','García','México'),(65,'Sandra','Fernández','España'),(66,'Tyler','Davis','Estados Unidos'),(67,'Julián','López','México'),(68,'Aurora','Gómez','España'),(69,'Derek','Wilson','Estados Unidos'),(70,'Rafael','Pérez','México'),(71,'Marta','Herrera','España'),(72,'Anthony','Moore','Estados Unidos'),(73,'Joaquín','García','México'),(74,'Sonia','Fernández','España'),(75,'Jacob','Brown','Estados Unidos'),(76,'Luisa','López','México'),(77,'Aitana','Gómez','España'),(78,'Benjamin','Taylor','Estados Unidos'),(79,'Eduardo','Hernández','México'),(80,'Cristina','Sánchez','España'),(81,'William','Clark','Estados Unidos'),(82,'Jesica','García','México'),(83,'Ainhoa','Fernández','España'),(84,'Daniel','Young','Estados Unidos'),(85,'Miguel','López','México'),(86,'Lucía','Gómez','España'),(87,'Christopher','Harris','Estados Unidos'),(88,'Javier','Pérez','México'),(89,'María','García','España'),(90,'David','Allen','Estados Unidos'),(91,'Fernando','Hernández','México'),(92,'Sara','Fernández','España'),(93,'George','Lewis','Estados Unidos'),(94,'Ricardo','García','México'),(95,'Natalia','Gómez','España'),(96,'Edward','Walker','Estados Unidos'),(97,'Héctor','González','México'),(98,'Isabel','Fernández','España'),(99,'Jason','Scott','Estados Unidos'),(100,'Diego','López','México');
/*!40000 ALTER TABLE `promotor` ENABLE KEYS */;
UNLOCK TABLES;

--
-- Dumping data for table `puntuacion_jueces`
--

LOCK TABLES `puntuacion_jueces` WRITE;
/*!40000 ALTER TABLE `puntuacion_jueces` DISABLE KEYS */;
INSERT INTO `puntuacion_jueces` VALUES (1,25,101,102,103),(2,18,104,105,106),(3,12,107,108,109),(4,28,110,111,112),(21,28,161,162,163),(22,22,164,3,166),(23,16,167,168,169),(24,30,170,171,172),(25,23,100,174,175),(26,17,176,177,178),(27,31,179,180,181),(28,24,182,183,184),(29,18,185,3,187),(30,12,188,189,190),(31,26,191,192,193),(32,19,194,195,196),(33,13,197,198,199),(34,27,200,101,102),(35,20,103,104,105),(36,14,106,107,108),(37,28,109,110,111),(38,21,112,113,114),(39,15,115,116,117),(40,29,118,119,120),(41,22,121,122,123),(42,16,124,125,126),(43,30,127,128,129),(44,23,130,131,132),(45,17,133,134,135),(46,31,136,137,138),(47,24,139,140,141),(48,18,142,143,144),(49,12,145,146,147),(50,26,148,149,150),(51,19,151,152,153),(52,13,154,155,156),(53,27,157,158,159),(54,20,160,161,162),(55,14,163,164,165),(56,28,166,167,168),(57,21,169,170,171),(58,15,172,173,174),(59,29,175,176,177),(60,22,1,179,180),(61,16,181,182,183),(62,30,184,185,186),(63,23,187,188,189),(64,17,190,191,192),(65,31,193,194,195),(66,24,196,197,198),(67,18,199,200,101),(68,12,102,103,104),(69,26,105,106,107),(70,19,108,109,110),(71,13,111,112,113),(72,27,114,115,116),(73,20,117,118,119),(74,14,120,121,122),(75,28,123,124,125),(76,21,126,127,128),(77,15,129,130,131),(78,29,132,133,134),(79,22,135,136,137),(80,16,138,139,140),(81,30,141,142,143),(82,23,144,145,146),(83,17,147,148,149),(84,31,150,151,152),(85,24,153,154,155),(86,18,156,157,158),(87,12,159,160,161),(88,26,162,163,164),(89,1,165,166,167),(90,13,168,169,170),(91,27,171,172,173),(92,20,174,175,176),(93,14,177,178,179),(94,28,180,181,182),(95,21,183,184,185),(96,15,186,187,188),(97,29,189,190,191),(98,22,192,193,194),(99,16,195,196,197),(100,30,198,199,200),(101,23,101,102,103),(102,17,104,105,106),(103,31,107,108,109),(104,24,110,111,112),(105,18,113,114,115),(106,12,116,117,118),(107,26,119,120,121),(108,19,122,123,124),(109,13,125,126,127),(110,27,128,129,130),(111,20,131,132,133),(112,14,134,135,136),(113,28,137,138,139),(114,21,140,141,142),(115,15,143,144,145),(116,29,146,147,148),(117,22,149,150,151),(118,16,152,153,154),(119,30,155,156,157),(120,23,158,159,160),(121,17,161,162,163),(122,31,164,165,166),(123,24,167,168,169),(124,18,170,171,172),(125,12,173,174,175),(126,26,176,177,178),(127,19,179,180,181),(128,13,182,183,184),(129,27,185,186,187),(130,20,188,189,190),(131,14,191,192,193),(132,28,194,195,196),(133,21,197,198,199),(134,15,200,101,102),(135,29,103,104,105),(136,22,106,107,108),(137,16,109,110,111),(138,30,112,113,114),(139,23,115,116,117),(140,17,118,119,120),(141,31,121,122,123),(142,24,124,125,126),(143,18,127,128,129),(144,12,130,131,132);
/*!40000 ALTER TABLE `puntuacion_jueces` ENABLE KEYS */;
UNLOCK TABLES;
