-- MySQL dump 10.13  Distrib 8.0.32, for Win64 (x86_64)
--
-- Host: localhost    Database: k1
-- ------------------------------------------------------
-- Server version	8.0.32

/*!40101 SET @OLD_CHARACTER_SET_CLIENT=@@CHARACTER_SET_CLIENT */;
/*!40101 SET @OLD_CHARACTER_SET_RESULTS=@@CHARACTER_SET_RESULTS */;
/*!40101 SET @OLD_COLLATION_CONNECTION=@@COLLATION_CONNECTION */;
/*!50503 SET NAMES utf8mb4 */;
/*!40103 SET @OLD_TIME_ZONE=@@TIME_ZONE */;
/*!40103 SET TIME_ZONE='+00:00' */;
/*!40014 SET @OLD_UNIQUE_CHECKS=@@UNIQUE_CHECKS, UNIQUE_CHECKS=0 */;
/*!40014 SET @OLD_FOREIGN_KEY_CHECKS=@@FOREIGN_KEY_CHECKS, FOREIGN_KEY_CHECKS=0 */;
/*!40101 SET @OLD_SQL_MODE=@@SQL_MODE, SQL_MODE='NO_AUTO_VALUE_ON_ZERO' */;
/*!40111 SET @OLD_SQL_NOTES=@@SQL_NOTES, SQL_NOTES=0 */;

--
-- Dumping data for table `ciudad`
--

INSERT INTO `ciudad` VALUES (1000,'Ludvika','Sweden');
INSERT INTO `ciudad` VALUES (1001,'Stavoren','South Korea');
INSERT INTO `ciudad` VALUES (1002,'Salamanca','India');
INSERT INTO `ciudad` VALUES (1003,'Gorzów Wielkopolski','Germany');
INSERT INTO `ciudad` VALUES (1004,'Taltal','Sweden');
INSERT INTO `ciudad` VALUES (1005,'Mustafakemalpaşa','Indonesia');
INSERT INTO `ciudad` VALUES (1006,'Gojal Upper Hunza','Colombia');
INSERT INTO `ciudad` VALUES (1007,'Daman','Turkey');
INSERT INTO `ciudad` VALUES (1008,'San Pablo','Singapore');
INSERT INTO `ciudad` VALUES (1009,'Kerikeri','Brazil');
INSERT INTO `ciudad` VALUES (1010,'Guihulngan','Peru');
INSERT INTO `ciudad` VALUES (1011,'Dutse','Nigeria');
INSERT INTO `ciudad` VALUES (1012,'Okigwe','Peru');
INSERT INTO `ciudad` VALUES (1013,'Purmerend','Austria');
INSERT INTO `ciudad` VALUES (1014,'Hall in Tirol','United States');
INSERT INTO `ciudad` VALUES (1015,'Tibet','United States');
INSERT INTO `ciudad` VALUES (1016,'Joinville','Canada');
INSERT INTO `ciudad` VALUES (1017,'Liverpool','Austria');
INSERT INTO `ciudad` VALUES (1018,'Ulloa (Barrial]','United Kingdom');
INSERT INTO `ciudad` VALUES (1019,'Shanghai','Norway');
INSERT INTO `ciudad` VALUES (1020,'Balclutha','United Kingdom');
INSERT INTO `ciudad` VALUES (1021,'Vienna','Ireland');
INSERT INTO `ciudad` VALUES (1022,'Białystok','South Africa');
INSERT INTO `ciudad` VALUES (1023,'Luzzara','Colombia');
INSERT INTO `ciudad` VALUES (1024,'Wanneroo','Philippines');
INSERT INTO `ciudad` VALUES (1025,'Guápiles','France');
INSERT INTO `ciudad` VALUES (1026,'Falun','Pakistan');
INSERT INTO `ciudad` VALUES (1027,'Alcalá de Henares','South Africa');
INSERT INTO `ciudad` VALUES (1028,'Daly','Mexico');
INSERT INTO `ciudad` VALUES (1029,'Ulhasnagar','Austria');
INSERT INTO `ciudad` VALUES (1030,'Dreieich','Singapore');
INSERT INTO `ciudad` VALUES (1031,'Tuguegarao','Philippines');
INSERT INTO `ciudad` VALUES (1032,'Bilbo','South Korea');
INSERT INTO `ciudad` VALUES (1033,'Zlynka','Poland');
INSERT INTO `ciudad` VALUES (1034,'Tarma','France');
INSERT INTO `ciudad` VALUES (1035,'Bloemfontein','Vietnam');
INSERT INTO `ciudad` VALUES (1036,'Spoleto','Mexico');
INSERT INTO `ciudad` VALUES (1037,'Lithgow','Spain');
INSERT INTO `ciudad` VALUES (1038,'Galway','Peru');
INSERT INTO `ciudad` VALUES (1039,'Townsville','Ukraine');
INSERT INTO `ciudad` VALUES (1040,'Bukit Panjang','Mexico');
INSERT INTO `ciudad` VALUES (1041,'Sungei Kadut','Spain');
INSERT INTO `ciudad` VALUES (1042,'Legnica','Italy');
INSERT INTO `ciudad` VALUES (1043,'Mysore','Chile');
INSERT INTO `ciudad` VALUES (1044,'Shillong','Ireland');
INSERT INTO `ciudad` VALUES (1045,'Samsun','India');
INSERT INTO `ciudad` VALUES (1046,'Sint-Jans-Molenbeek','Indonesia');
INSERT INTO `ciudad` VALUES (1047,'Dornoch','Germany');
INSERT INTO `ciudad` VALUES (1048,'Pontedera','Poland');
INSERT INTO `ciudad` VALUES (1049,'Lagos','France');
INSERT INTO `ciudad` VALUES (1050,'Risør','United Kingdom');
INSERT INTO `ciudad` VALUES (1051,'Yeongju','Chile');
INSERT INTO `ciudad` VALUES (1052,'Queanbeyan','Canada');
INSERT INTO `ciudad` VALUES (1053,'Queenstown','Colombia');
INSERT INTO `ciudad` VALUES (1054,'Tampico','Canada');
INSERT INTO `ciudad` VALUES (1055,'Roodepoort','Colombia');
INSERT INTO `ciudad` VALUES (1056,'Versailles','South Africa');
INSERT INTO `ciudad` VALUES (1057,'Chulucanas','Costa Rica');
INSERT INTO `ciudad` VALUES (1058,'Alexandra','India');
INSERT INTO `ciudad` VALUES (1059,'Palu','South Africa');
INSERT INTO `ciudad` VALUES (1060,'Turrialba','Ireland');
INSERT INTO `ciudad` VALUES (1061,'Chungju','Colombia');
INSERT INTO `ciudad` VALUES (1062,'Mandya','Indonesia');
INSERT INTO `ciudad` VALUES (1063,'Lleida','Russian Federation');
INSERT INTO `ciudad` VALUES (1064,'Geylang','Chile');
INSERT INTO `ciudad` VALUES (1065,'Banda Aceh','Chile');
INSERT INTO `ciudad` VALUES (1066,'Aserrí','Philippines');
INSERT INTO `ciudad` VALUES (1067,'San Pedro de la Paz','Brazil');
INSERT INTO `ciudad` VALUES (1068,'Colorado Springs','Netherlands');
INSERT INTO `ciudad` VALUES (1069,'Sandy','Ukraine');
INSERT INTO `ciudad` VALUES (1070,'Chandigarh','South Africa');
INSERT INTO `ciudad` VALUES (1071,'Mercedes','Brazil');
INSERT INTO `ciudad` VALUES (1072,'Voitsberg','Netherlands');
INSERT INTO `ciudad` VALUES (1073,'Alajuela','Sweden');
INSERT INTO `ciudad` VALUES (1074,'Montelíbano','Chile');
INSERT INTO `ciudad` VALUES (1075,'Grave','Vietnam');
INSERT INTO `ciudad` VALUES (1076,'Kapuskasing','Germany');
INSERT INTO `ciudad` VALUES (1077,'Jaén','Chile');
INSERT INTO `ciudad` VALUES (1078,'Sagamu','China');
INSERT INTO `ciudad` VALUES (1079,'Pamplona','Singapore');
INSERT INTO `ciudad` VALUES (1080,'Volgograd','Vietnam');
INSERT INTO `ciudad` VALUES (1081,'Cerchio','China');
INSERT INTO `ciudad` VALUES (1082,'Barranquilla','Colombia');
INSERT INTO `ciudad` VALUES (1083,'Sembawang','Turkey');
INSERT INTO `ciudad` VALUES (1084,'Nam Định','Sweden');
INSERT INTO `ciudad` VALUES (1085,'Yuryuzan','New Zealand');
INSERT INTO `ciudad` VALUES (1086,'Belo Horizonte','Italy');
INSERT INTO `ciudad` VALUES (1087,'Novena','Singapore');
INSERT INTO `ciudad` VALUES (1088,'La Rochelle','Colombia');
INSERT INTO `ciudad` VALUES (1089,'Bostaniçi','Germany');
INSERT INTO `ciudad` VALUES (1090,'Gjoa Haven','Nigeria');
INSERT INTO `ciudad` VALUES (1091,'Emalahleni','Mexico');
INSERT INTO `ciudad` VALUES (1092,'Quesada','Brazil');
INSERT INTO `ciudad` VALUES (1093,'Mackay','Ireland');
INSERT INTO `ciudad` VALUES (1094,'Vienna','Canada');
INSERT INTO `ciudad` VALUES (1095,'Caucaia','Canada');
INSERT INTO `ciudad` VALUES (1096,'Giyani','Costa Rica');
INSERT INTO `ciudad` VALUES (1097,'Arequipa','Netherlands');
INSERT INTO `ciudad` VALUES (1098,'Uman','Norway');
INSERT INTO `ciudad` VALUES (1099,'Sargodha','Belgium');

--
-- Dumping data for table `combate`
--

INSERT INTO `combate` VALUES (1025,215,'Si','Rojo','Muay Thai','104382032',105,'967750569','407710841','678467403');
INSERT INTO `combate` VALUES (1035,104,'Si','Rojo','K1','296446730',102,'908898485','486094324','408877663');
INSERT INTO `combate` VALUES (1038,212,'Si','Azul','KickBoxing','131060659',108,'908898485','486094324','414732526');
INSERT INTO `combate` VALUES (1046,134,'No','Rojo','Muay Thai','296446730',106,'742424881','486094324','408877663');
INSERT INTO `combate` VALUES (1080,194,'No','Azul','KickBoxing','104382032',102,'742424881','486094324','408877663');
INSERT INTO `combate` VALUES (1081,197,'Si','Azul','Muay Thai','236528299',106,'747486611','407710841','414732526');
INSERT INTO `combate` VALUES (1092,291,'No','Azul','Muay Thai','236528299',106,'742424881','524455719','207051731');
INSERT INTO `combate` VALUES (1147,282,'No','Rojo','Muay Thai','933532275',109,'967750569','407710841','207051731');
INSERT INTO `combate` VALUES (1152,196,'Si','Rojo','KickBoxing','110352004',108,'967750569','283190242','678467403');
INSERT INTO `combate` VALUES (1184,138,'No','Rojo','KickBoxing','131060659',103,'747486611','486094324','678467403');
INSERT INTO `combate` VALUES (1293,254,'No','Rojo','KickBoxing','296446730',105,'747486611','524455719','207051731');
INSERT INTO `combate` VALUES (1317,212,'No','Rojo','KickBoxing','236528299',109,'908898485','486094324','414732526');
INSERT INTO `combate` VALUES (1318,143,'Si','Azul','Muay Thai','110352004',107,'742424881','407710841','408877663');
INSERT INTO `combate` VALUES (1336,147,'Si','Azul','K1','296446730',102,'962402630','524455719','521598433');
INSERT INTO `combate` VALUES (1361,108,'Si','Rojo','Muay Thai','933532275',104,'908898485','407710841','521598433');
INSERT INTO `combate` VALUES (1363,163,'No','Rojo','KickBoxing','180862194',105,'962402630','528963381','408877663');
INSERT INTO `combate` VALUES (1399,172,'No','Azul','K1','236528299',109,'742424881','524455719','757067357');
INSERT INTO `combate` VALUES (1417,185,'No','Azul','KickBoxing','104382032',102,'714242544','524455719','678467403');
INSERT INTO `combate` VALUES (1428,283,'Si','Rojo','Muay Thai','104382032',105,'908898485','407710841','414732526');
INSERT INTO `combate` VALUES (1435,145,'Si','Azul','KickBoxing','131060659',105,'714242544','486094324','207051731');
INSERT INTO `combate` VALUES (1463,150,'Si','Azul','K1','949905168',106,'908898485','486094324','521598433');
INSERT INTO `combate` VALUES (1484,126,'No','Rojo','K1','110352004',110,'714242544','486094324','414732526');
INSERT INTO `combate` VALUES (1508,290,'No','Rojo','KickBoxing','933532275',106,'742424881','528963381','521598433');
INSERT INTO `combate` VALUES (1517,115,'Si','Azul','Muay Thai','933532275',108,'908898485','524455719','678467403');
INSERT INTO `combate` VALUES (1562,144,'No','Azul','KickBoxing','131060659',105,'962402630','407710841','678467403');
INSERT INTO `combate` VALUES (1577,146,'No','Azul','Muay Thai','236528299',106,'747486611','407710841','678467403');
INSERT INTO `combate` VALUES (1585,241,'No','Rojo','K1','236528299',103,'742424881','524455719','678467403');
INSERT INTO `combate` VALUES (1594,273,'No','Rojo','KickBoxing','933532275',102,'742424881','486094324','521598433');
INSERT INTO `combate` VALUES (1611,241,'No','Azul','KickBoxing','933532275',106,'742424881','528963381','678467403');
INSERT INTO `combate` VALUES (1700,112,'Si','Rojo','KickBoxing','889552040',105,'962402630','528963381','414732526');
INSERT INTO `combate` VALUES (1703,284,'Si','Rojo','KickBoxing','104382032',110,'747486611','528963381','414732526');
INSERT INTO `combate` VALUES (1729,222,'No','Rojo','KickBoxing','889552040',106,'742424881','524455719','408877663');
INSERT INTO `combate` VALUES (1737,152,'No','Azul','KickBoxing','110352004',107,'908898485','283190242','207051731');
INSERT INTO `combate` VALUES (1741,171,'No','Rojo','Muay Thai','104382032',106,'908898485','407710841','678467403');
INSERT INTO `combate` VALUES (1785,199,'Si','Azul','Muay Thai','296446730',102,'747486611','486094324','678467403');
INSERT INTO `combate` VALUES (1786,113,'No','Azul','KickBoxing','110352004',108,'967750569','735404939','408877663');
INSERT INTO `combate` VALUES (1788,106,'Si','Azul','Muay Thai','236528299',110,'962402630','407710841','757067357');
INSERT INTO `combate` VALUES (1791,117,'Si','Azul','Muay Thai','110352004',104,'908898485','735404939','414732526');
INSERT INTO `combate` VALUES (1814,134,'No','Rojo','Muay Thai','236528299',109,'747486611','735404939','521598433');
INSERT INTO `combate` VALUES (1826,254,'Si','Azul','KickBoxing','933532275',107,'742424881','486094324','678467403');
INSERT INTO `combate` VALUES (1883,300,'No','Azul','KickBoxing','110352004',110,'962402630','735404939','757067357');
INSERT INTO `combate` VALUES (1885,230,'No','Rojo','K1','236528299',102,'962402630','283190242','678467403');
INSERT INTO `combate` VALUES (1911,248,'No','Rojo','KickBoxing','949905168',109,'967750569','407710841','521598433');
INSERT INTO `combate` VALUES (1949,205,'No','Azul','K1','236528299',102,'747486611','524455719','408877663');
INSERT INTO `combate` VALUES (1962,223,'Si','Rojo','K1','104382032',104,'967750569','486094324','521598433');
INSERT INTO `combate` VALUES (2012,260,'Si','Azul','K1','236528299',105,'908898485','407710841','678467403');
INSERT INTO `combate` VALUES (2059,288,'Si','Rojo','Muay Thai','236528299',108,'967750569','735404939','408877663');
INSERT INTO `combate` VALUES (2087,108,'No','Azul','KickBoxing','236528299',105,'962402630','524455719','414732526');
INSERT INTO `combate` VALUES (2104,236,'No','Rojo','KickBoxing','180862194',101,'747486611','528963381','521598433');
INSERT INTO `combate` VALUES (2157,126,'No','Rojo','KickBoxing','296446730',107,'908898485','407710841','207051731');
INSERT INTO `combate` VALUES (2167,246,'Si','Azul','Muay Thai','236528299',104,'962402630','283190242','408877663');
INSERT INTO `combate` VALUES (2193,146,'Si','Azul','Muay Thai','933532275',105,'742424881','486094324','678467403');
INSERT INTO `combate` VALUES (2204,120,'No','Azul','KickBoxing','236528299',106,'908898485','283190242','678467403');
INSERT INTO `combate` VALUES (2222,195,'Si','Azul','KickBoxing','110352004',107,'908898485','528963381','414732526');
INSERT INTO `combate` VALUES (2248,289,'Si','Rojo','KickBoxing','889552040',108,'967750569','283190242','521598433');
INSERT INTO `combate` VALUES (2318,224,'Si','Azul','K1','949905168',106,'908898485','486094324','408877663');
INSERT INTO `combate` VALUES (2323,240,'Si','Azul','K1','236528299',110,'908898485','283190242','207051731');
INSERT INTO `combate` VALUES (2324,284,'Si','Azul','K1','110352004',107,'908898485','486094324','521598433');
INSERT INTO `combate` VALUES (2336,152,'No','Rojo','Muay Thai','131060659',105,'742424881','524455719','207051731');
INSERT INTO `combate` VALUES (2349,131,'Si','Rojo','KickBoxing','110352004',107,'962402630','486094324','408877663');
INSERT INTO `combate` VALUES (2373,239,'No','Rojo','KickBoxing','131060659',104,'962402630','407710841','414732526');
INSERT INTO `combate` VALUES (2444,210,'Si','Azul','KickBoxing','933532275',107,'714242544','407710841','207051731');
INSERT INTO `combate` VALUES (2457,198,'Si','Azul','KickBoxing','949905168',101,'742424881','524455719','757067357');
INSERT INTO `combate` VALUES (2463,194,'Si','Azul','KickBoxing','131060659',107,'967750569','283190242','414732526');
INSERT INTO `combate` VALUES (2477,220,'No','Rojo','Muay Thai','110352004',106,'742424881','735404939','207051731');
INSERT INTO `combate` VALUES (2479,258,'No','Azul','K1','296446730',104,'908898485','486094324','414732526');
INSERT INTO `combate` VALUES (2494,282,'Si','Azul','K1','131060659',108,'908898485','407710841','414732526');
INSERT INTO `combate` VALUES (2527,193,'Si','Azul','KickBoxing','110352004',102,'714242544','407710841','757067357');
INSERT INTO `combate` VALUES (2531,182,'Si','Rojo','KickBoxing','236528299',106,'908898485','524455719','408877663');
INSERT INTO `combate` VALUES (2562,210,'Si','Rojo','K1','236528299',106,'908898485','486094324','678467403');
INSERT INTO `combate` VALUES (2568,179,'No','Rojo','Muay Thai','104382032',104,'742424881','486094324','414732526');
INSERT INTO `combate` VALUES (2581,215,'No','Azul','KickBoxing','236528299',106,'742424881','528963381','414732526');
INSERT INTO `combate` VALUES (2582,285,'Si','Azul','K1','236528299',110,'908898485','735404939','207051731');
INSERT INTO `combate` VALUES (2588,275,'No','Azul','KickBoxing','180862194',102,'747486611','735404939','414732526');
INSERT INTO `combate` VALUES (2609,128,'Si','Rojo','KickBoxing','236528299',105,'967750569','524455719','408877663');
INSERT INTO `combate` VALUES (2646,219,'No','Rojo','KickBoxing','180862194',108,'967750569','528963381','678467403');
INSERT INTO `combate` VALUES (2715,181,'No','Rojo','K1','296446730',101,'714242544','486094324','521598433');
INSERT INTO `combate` VALUES (2725,206,'Si','Azul','KickBoxing','949905168',105,'908898485','407710841','414732526');
INSERT INTO `combate` VALUES (2754,182,'No','Rojo','KickBoxing','949905168',110,'714242544','407710841','757067357');
INSERT INTO `combate` VALUES (2757,130,'Si','Azul','KickBoxing','104382032',106,'747486611','524455719','521598433');
INSERT INTO `combate` VALUES (2789,185,'No','Azul','KickBoxing','949905168',106,'962402630','524455719','521598433');
INSERT INTO `combate` VALUES (2819,137,'Si','Azul','K1','131060659',109,'908898485','528963381','521598433');
INSERT INTO `combate` VALUES (2822,207,'No','Azul','Muay Thai','236528299',109,'962402630','735404939','207051731');
INSERT INTO `combate` VALUES (2843,144,'No','Azul','K1','949905168',102,'747486611','486094324','521598433');
INSERT INTO `combate` VALUES (2881,284,'No','Azul','Muay Thai','180862194',105,'962402630','524455719','678467403');
INSERT INTO `combate` VALUES (2883,300,'Si','Azul','Muay Thai','180862194',107,'908898485','524455719','408877663');
INSERT INTO `combate` VALUES (2891,197,'Si','Rojo','K1','180862194',107,'967750569','486094324','414732526');
INSERT INTO `combate` VALUES (2906,216,'No','Azul','KickBoxing','104382032',105,'962402630','486094324','678467403');
INSERT INTO `combate` VALUES (2930,281,'Si','Rojo','Muay Thai','933532275',105,'967750569','407710841','414732526');
INSERT INTO `combate` VALUES (2938,219,'No','Rojo','Muay Thai','131060659',109,'742424881','528963381','521598433');
INSERT INTO `combate` VALUES (2959,142,'Si','Rojo','KickBoxing','236528299',104,'908898485','407710841','414732526');
INSERT INTO `combate` VALUES (2970,239,'Si','Rojo','KickBoxing','296446730',104,'962402630','735404939','521598433');
INSERT INTO `combate` VALUES (2974,236,'No','Azul','KickBoxing','236528299',106,'747486611','524455719','521598433');
INSERT INTO `combate` VALUES (2999,266,'No','Azul','Muay Thai','236528299',105,'747486611','407710841','408877663');
INSERT INTO `combate` VALUES (3001,159,'Si','Azul','KickBoxing','933532275',102,'742424881','528963381','678467403');
INSERT INTO `combate` VALUES (3018,167,'No','Rojo','K1','236528299',102,'962402630','735404939','521598433');
INSERT INTO `combate` VALUES (3027,179,'No','Rojo','Muay Thai','236528299',110,'908898485','407710841','678467403');
INSERT INTO `combate` VALUES (3037,145,'No','Azul','K1','110352004',105,'962402630','486094324','408877663');
INSERT INTO `combate` VALUES (3041,281,'Si','Azul','Muay Thai','110352004',107,'747486611','524455719','207051731');
INSERT INTO `combate` VALUES (3047,258,'Si','Azul','Muay Thai','110352004',106,'742424881','486094324','408877663');
INSERT INTO `combate` VALUES (3072,107,'Si','Rojo','KickBoxing','889552040',105,'747486611','528963381','414732526');
INSERT INTO `combate` VALUES (3079,226,'No','Azul','KickBoxing','104382032',110,'962402630','486094324','678467403');
INSERT INTO `combate` VALUES (3134,117,'Si','Rojo','K1','104382032',103,'962402630','486094324','521598433');
INSERT INTO `combate` VALUES (3135,287,'No','Rojo','Muay Thai','933532275',106,'908898485','735404939','408877663');
INSERT INTO `combate` VALUES (3155,175,'No','Azul','Muay Thai','236528299',109,'742424881','407710841','408877663');
INSERT INTO `combate` VALUES (3216,289,'No','Azul','KickBoxing','889552040',105,'962402630','283190242','521598433');
INSERT INTO `combate` VALUES (3221,132,'No','Rojo','KickBoxing','131060659',104,'742424881','283190242','757067357');
INSERT INTO `combate` VALUES (3222,291,'No','Rojo','KickBoxing','236528299',101,'908898485','407710841','678467403');
INSERT INTO `combate` VALUES (3251,244,'No','Azul','K1','110352004',105,'714242544','524455719','521598433');
INSERT INTO `combate` VALUES (3271,148,'Si','Azul','Muay Thai','236528299',105,'962402630','407710841','757067357');
INSERT INTO `combate` VALUES (3276,220,'Si','Azul','K1','296446730',106,'962402630','486094324','521598433');
INSERT INTO `combate` VALUES (3282,164,'No','Rojo','KickBoxing','104382032',102,'714242544','528963381','757067357');
INSERT INTO `combate` VALUES (3283,257,'No','Azul','KickBoxing','296446730',102,'962402630','486094324','757067357');
INSERT INTO `combate` VALUES (3333,139,'No','Rojo','KickBoxing','296446730',101,'962402630','524455719','207051731');
INSERT INTO `combate` VALUES (3396,109,'No','Rojo','Muay Thai','131060659',110,'908898485','528963381','521598433');
INSERT INTO `combate` VALUES (3410,101,'Si','Azul','K1','104382032',102,'742424881','528963381','408877663');
INSERT INTO `combate` VALUES (3441,103,'No','Rojo','KickBoxing','131060659',104,'742424881','486094324','408877663');
INSERT INTO `combate` VALUES (3454,246,'Si','Azul','Muay Thai','236528299',108,'962402630','407710841','408877663');
INSERT INTO `combate` VALUES (3455,254,'No','Rojo','Muay Thai','933532275',103,'967750569','528963381','521598433');
INSERT INTO `combate` VALUES (3496,206,'Si','Azul','KickBoxing','131060659',109,'747486611','283190242','521598433');
INSERT INTO `combate` VALUES (3526,134,'Si','Rojo','Muay Thai','180862194',103,'962402630','735404939','521598433');
INSERT INTO `combate` VALUES (3528,185,'Si','Rojo','KickBoxing','131060659',102,'742424881','407710841','678467403');
INSERT INTO `combate` VALUES (3533,264,'No','Azul','Muay Thai','949905168',106,'967750569','524455719','521598433');
INSERT INTO `combate` VALUES (3537,261,'No','Azul','KickBoxing','296446730',101,'747486611','528963381','207051731');
INSERT INTO `combate` VALUES (3558,226,'No','Rojo','KickBoxing','949905168',110,'962402630','528963381','414732526');
INSERT INTO `combate` VALUES (3562,271,'Si','Rojo','KickBoxing','296446730',102,'908898485','528963381','414732526');
INSERT INTO `combate` VALUES (3582,223,'No','Rojo','KickBoxing','180862194',106,'962402630','524455719','521598433');
INSERT INTO `combate` VALUES (3587,111,'No','Azul','KickBoxing','949905168',107,'747486611','524455719','521598433');
INSERT INTO `combate` VALUES (3692,176,'No','Rojo','KickBoxing','180862194',109,'747486611','524455719','414732526');
INSERT INTO `combate` VALUES (3708,211,'Si','Rojo','K1','296446730',101,'967750569','528963381','408877663');
INSERT INTO `combate` VALUES (3741,239,'No','Azul','Muay Thai','131060659',101,'967750569','407710841','521598433');
INSERT INTO `combate` VALUES (3757,114,'Si','Rojo','Muay Thai','180862194',105,'747486611','407710841','521598433');
INSERT INTO `combate` VALUES (3789,272,'Si','Azul','K1','236528299',104,'908898485','283190242','757067357');
INSERT INTO `combate` VALUES (3828,118,'No','Rojo','KickBoxing','236528299',108,'908898485','528963381','678467403');
INSERT INTO `combate` VALUES (3834,219,'No','Azul','KickBoxing','180862194',105,'742424881','407710841','678467403');
INSERT INTO `combate` VALUES (3836,286,'Si','Azul','K1','131060659',110,'742424881','528963381','757067357');
INSERT INTO `combate` VALUES (3839,178,'No','Azul','KickBoxing','110352004',102,'742424881','407710841','414732526');
INSERT INTO `combate` VALUES (3869,145,'No','Azul','KickBoxing','933532275',102,'742424881','528963381','678467403');
INSERT INTO `combate` VALUES (3874,120,'No','Rojo','KickBoxing','110352004',102,'962402630','407710841','678467403');
INSERT INTO `combate` VALUES (3878,196,'Si','Rojo','Muay Thai','933532275',108,'908898485','524455719','521598433');
INSERT INTO `combate` VALUES (3927,265,'No','Azul','KickBoxing','104382032',106,'908898485','283190242','408877663');
INSERT INTO `combate` VALUES (3937,238,'Si','Azul','KickBoxing','949905168',107,'742424881','486094324','521598433');
INSERT INTO `combate` VALUES (3980,219,'No','Rojo','Muay Thai','131060659',104,'962402630','735404939','521598433');
INSERT INTO `combate` VALUES (3989,290,'Si','Rojo','K1','110352004',109,'908898485','524455719','521598433');
INSERT INTO `combate` VALUES (4043,165,'No','Azul','KickBoxing','110352004',103,'747486611','735404939','678467403');
INSERT INTO `combate` VALUES (4091,276,'No','Azul','KickBoxing','949905168',102,'908898485','524455719','207051731');
INSERT INTO `combate` VALUES (4112,273,'Si','Azul','KickBoxing','236528299',102,'967750569','528963381','521598433');
INSERT INTO `combate` VALUES (4187,269,'Si','Azul','KickBoxing','110352004',104,'962402630','407710841','521598433');
INSERT INTO `combate` VALUES (4214,270,'Si','Rojo','Muay Thai','131060659',109,'742424881','524455719','408877663');
INSERT INTO `combate` VALUES (4270,115,'Si','Rojo','KickBoxing','933532275',109,'742424881','524455719','678467403');
INSERT INTO `combate` VALUES (4371,239,'No','Azul','Muay Thai','949905168',101,'742424881','524455719','757067357');
INSERT INTO `combate` VALUES (4381,289,'No','Azul','K1','933532275',106,'962402630','283190242','521598433');
INSERT INTO `combate` VALUES (4403,117,'No','Rojo','K1','889552040',109,'742424881','407710841','757067357');
INSERT INTO `combate` VALUES (4407,201,'Si','Rojo','KickBoxing','296446730',108,'967750569','407710841','207051731');
INSERT INTO `combate` VALUES (4416,295,'Si','Rojo','Muay Thai','110352004',103,'908898485','524455719','521598433');
INSERT INTO `combate` VALUES (4480,109,'Si','Azul','Muay Thai','104382032',103,'908898485','524455719','408877663');
INSERT INTO `combate` VALUES (4484,154,'Si','Azul','KickBoxing','933532275',106,'742424881','486094324','207051731');
INSERT INTO `combate` VALUES (4504,264,'No','Rojo','KickBoxing','933532275',102,'908898485','283190242','521598433');
INSERT INTO `combate` VALUES (4527,174,'Si','Rojo','KickBoxing','296446730',108,'742424881','524455719','757067357');
INSERT INTO `combate` VALUES (4530,183,'Si','Rojo','K1','236528299',110,'747486611','407710841','207051731');
INSERT INTO `combate` VALUES (4638,296,'No','Rojo','K1','296446730',106,'747486611','735404939','414732526');
INSERT INTO `combate` VALUES (4691,136,'No','Azul','K1','236528299',106,'742424881','524455719','414732526');
INSERT INTO `combate` VALUES (4720,182,'No','Rojo','K1','110352004',103,'962402630','486094324','414732526');
INSERT INTO `combate` VALUES (4727,230,'Si','Azul','K1','296446730',109,'908898485','528963381','678467403');
INSERT INTO `combate` VALUES (4734,247,'Si','Azul','Muay Thai','889552040',108,'742424881','524455719','678467403');
INSERT INTO `combate` VALUES (4757,237,'Si','Rojo','K1','949905168',107,'714242544','735404939','521598433');
INSERT INTO `combate` VALUES (4769,253,'Si','Azul','KickBoxing','236528299',104,'747486611','528963381','408877663');
INSERT INTO `combate` VALUES (4774,258,'No','Rojo','KickBoxing','104382032',105,'962402630','528963381','678467403');
INSERT INTO `combate` VALUES (4817,134,'No','Rojo','K1','180862194',109,'908898485','735404939','678467403');
INSERT INTO `combate` VALUES (4821,148,'Si','Rojo','KickBoxing','236528299',102,'742424881','524455719','408877663');
INSERT INTO `combate` VALUES (4836,282,'No','Azul','KickBoxing','933532275',101,'908898485','407710841','414732526');
INSERT INTO `combate` VALUES (4868,229,'Si','Rojo','Muay Thai','933532275',110,'908898485','524455719','408877663');
INSERT INTO `combate` VALUES (4894,206,'Si','Azul','KickBoxing','296446730',108,'908898485','486094324','678467403');
INSERT INTO `combate` VALUES (4902,189,'No','Azul','K1','236528299',106,'967750569','524455719','678467403');
INSERT INTO `combate` VALUES (4905,283,'No','Rojo','Muay Thai','110352004',103,'908898485','407710841','678467403');
INSERT INTO `combate` VALUES (4942,221,'Si','Azul','KickBoxing','131060659',102,'747486611','524455719','678467403');
INSERT INTO `combate` VALUES (4981,210,'Si','Azul','KickBoxing','104382032',102,'962402630','407710841','414732526');
INSERT INTO `combate` VALUES (5084,176,'Si','Rojo','Muay Thai','131060659',103,'714242544','283190242','678467403');
INSERT INTO `combate` VALUES (5141,243,'No','Rojo','Muay Thai','933532275',107,'908898485','407710841','207051731');
INSERT INTO `combate` VALUES (5163,289,'No','Rojo','KickBoxing','104382032',103,'742424881','524455719','414732526');
INSERT INTO `combate` VALUES (5201,261,'Si','Rojo','K1','236528299',101,'747486611','524455719','757067357');
INSERT INTO `combate` VALUES (5226,200,'No','Rojo','Muay Thai','933532275',110,'962402630','486094324','521598433');
INSERT INTO `combate` VALUES (5234,168,'Si','Rojo','Muay Thai','933532275',110,'742424881','524455719','414732526');
INSERT INTO `combate` VALUES (5243,282,'No','Azul','KickBoxing','131060659',105,'962402630','486094324','757067357');
INSERT INTO `combate` VALUES (5250,237,'No','Azul','KickBoxing','236528299',101,'714242544','528963381','757067357');
INSERT INTO `combate` VALUES (5291,104,'No','Azul','KickBoxing','180862194',109,'962402630','407710841','678467403');
INSERT INTO `combate` VALUES (5344,258,'Si','Rojo','K1','949905168',103,'908898485','524455719','521598433');
INSERT INTO `combate` VALUES (5347,191,'No','Rojo','Muay Thai','296446730',107,'962402630','528963381','521598433');
INSERT INTO `combate` VALUES (5351,275,'No','Azul','Muay Thai','949905168',107,'908898485','407710841','521598433');
INSERT INTO `combate` VALUES (5363,150,'Si','Azul','KickBoxing','949905168',102,'967750569','528963381','207051731');
INSERT INTO `combate` VALUES (5400,167,'No','Azul','K1','949905168',107,'742424881','528963381','521598433');
INSERT INTO `combate` VALUES (5440,197,'Si','Rojo','K1','236528299',109,'714242544','524455719','408877663');
INSERT INTO `combate` VALUES (5488,241,'No','Rojo','KickBoxing','236528299',104,'962402630','528963381','678467403');
INSERT INTO `combate` VALUES (5514,102,'No','Azul','KickBoxing','236528299',104,'962402630','486094324','678467403');
INSERT INTO `combate` VALUES (5530,288,'No','Azul','KickBoxing','236528299',107,'747486611','528963381','414732526');
INSERT INTO `combate` VALUES (5534,217,'Si','Rojo','KickBoxing','104382032',102,'747486611','407710841','678467403');
INSERT INTO `combate` VALUES (5549,174,'No','Rojo','K1','104382032',107,'967750569','528963381','414732526');
INSERT INTO `combate` VALUES (5554,159,'Si','Azul','K1','889552040',106,'742424881','407710841','414732526');
INSERT INTO `combate` VALUES (5584,200,'Si','Rojo','KickBoxing','296446730',106,'962402630','407710841','414732526');
INSERT INTO `combate` VALUES (5633,293,'No','Rojo','KickBoxing','949905168',107,'908898485','528963381','408877663');
INSERT INTO `combate` VALUES (5651,278,'No','Azul','Muay Thai','949905168',103,'967750569','528963381','678467403');
INSERT INTO `combate` VALUES (5700,180,'No','Azul','K1','104382032',109,'967750569','283190242','678467403');
INSERT INTO `combate` VALUES (5839,166,'No','Rojo','K1','131060659',107,'747486611','486094324','678467403');
INSERT INTO `combate` VALUES (5853,213,'No','Azul','KickBoxing','889552040',104,'962402630','528963381','521598433');
INSERT INTO `combate` VALUES (5867,130,'Si','Azul','KickBoxing','949905168',107,'908898485','528963381','414732526');
INSERT INTO `combate` VALUES (5892,247,'No','Azul','KickBoxing','236528299',106,'908898485','407710841','414732526');
INSERT INTO `combate` VALUES (5896,281,'Si','Azul','KickBoxing','949905168',101,'908898485','283190242','207051731');
INSERT INTO `combate` VALUES (5938,220,'No','Azul','KickBoxing','933532275',102,'908898485','528963381','678467403');
INSERT INTO `combate` VALUES (5939,197,'Si','Azul','KickBoxing','131060659',107,'908898485','407710841','757067357');
INSERT INTO `combate` VALUES (5979,190,'No','Rojo','KickBoxing','131060659',110,'747486611','283190242','521598433');
INSERT INTO `combate` VALUES (6019,155,'No','Rojo','KickBoxing','104382032',101,'962402630','735404939','414732526');
INSERT INTO `combate` VALUES (6063,121,'Si','Rojo','KickBoxing','889552040',110,'962402630','528963381','414732526');
INSERT INTO `combate` VALUES (6084,132,'Si','Rojo','KickBoxing','933532275',109,'908898485','283190242','521598433');
INSERT INTO `combate` VALUES (6118,142,'No','Rojo','KickBoxing','131060659',104,'908898485','407710841','414732526');
INSERT INTO `combate` VALUES (6125,126,'Si','Rojo','Muay Thai','180862194',107,'908898485','407710841','414732526');
INSERT INTO `combate` VALUES (6128,236,'Si','Azul','Muay Thai','296446730',103,'742424881','528963381','678467403');
INSERT INTO `combate` VALUES (6141,142,'No','Azul','K1','131060659',105,'714242544','528963381','521598433');
INSERT INTO `combate` VALUES (6143,243,'Si','Azul','KickBoxing','110352004',105,'962402630','486094324','678467403');
INSERT INTO `combate` VALUES (6157,182,'Si','Rojo','Muay Thai','236528299',106,'714242544','528963381','414732526');
INSERT INTO `combate` VALUES (6184,101,'No','Rojo','Muay Thai','889552040',104,'962402630','283190242','757067357');
INSERT INTO `combate` VALUES (6205,273,'Si','Rojo','KickBoxing','889552040',107,'714242544','524455719','678467403');
INSERT INTO `combate` VALUES (6215,260,'No','Azul','KickBoxing','236528299',110,'962402630','283190242','414732526');
INSERT INTO `combate` VALUES (6234,149,'No','Rojo','KickBoxing','180862194',109,'742424881','486094324','414732526');
INSERT INTO `combate` VALUES (6235,249,'Si','Rojo','KickBoxing','949905168',105,'742424881','407710841','521598433');
INSERT INTO `combate` VALUES (6290,269,'No','Rojo','K1','933532275',103,'742424881','735404939','408877663');
INSERT INTO `combate` VALUES (6300,104,'Si','Azul','KickBoxing','949905168',106,'742424881','486094324','414732526');
INSERT INTO `combate` VALUES (6314,229,'No','Azul','K1','131060659',102,'714242544','486094324','521598433');
INSERT INTO `combate` VALUES (6323,226,'Si','Rojo','KickBoxing','889552040',108,'714242544','486094324','757067357');
INSERT INTO `combate` VALUES (6343,120,'Si','Azul','Muay Thai','933532275',109,'714242544','524455719','521598433');
INSERT INTO `combate` VALUES (6363,287,'Si','Azul','K1','949905168',103,'747486611','735404939','408877663');
INSERT INTO `combate` VALUES (6392,159,'Si','Rojo','K1','933532275',104,'714242544','524455719','678467403');
INSERT INTO `combate` VALUES (6394,230,'Si','Rojo','KickBoxing','236528299',109,'742424881','528963381','207051731');
INSERT INTO `combate` VALUES (6429,244,'Si','Azul','K1','131060659',107,'908898485','486094324','678467403');
INSERT INTO `combate` VALUES (6431,255,'No','Azul','Muay Thai','933532275',107,'908898485','524455719','678467403');
INSERT INTO `combate` VALUES (6439,117,'No','Rojo','KickBoxing','110352004',108,'908898485','407710841','408877663');
INSERT INTO `combate` VALUES (6463,170,'Si','Rojo','K1','131060659',106,'742424881','528963381','414732526');
INSERT INTO `combate` VALUES (6513,241,'Si','Rojo','K1','949905168',106,'967750569','407710841','757067357');
INSERT INTO `combate` VALUES (6540,107,'No','Rojo','KickBoxing','131060659',104,'908898485','407710841','521598433');
INSERT INTO `combate` VALUES (6653,146,'Si','Rojo','Muay Thai','933532275',110,'747486611','283190242','521598433');
INSERT INTO `combate` VALUES (6655,122,'No','Azul','KickBoxing','236528299',107,'747486611','283190242','678467403');
INSERT INTO `combate` VALUES (6661,193,'Si','Azul','K1','236528299',103,'962402630','486094324','678467403');
INSERT INTO `combate` VALUES (6673,137,'No','Rojo','Muay Thai','131060659',102,'714242544','407710841','678467403');
INSERT INTO `combate` VALUES (6689,155,'No','Rojo','KickBoxing','296446730',109,'747486611','735404939','757067357');
INSERT INTO `combate` VALUES (6691,283,'No','Azul','Muay Thai','110352004',110,'747486611','407710841','408877663');
INSERT INTO `combate` VALUES (6743,213,'Si','Azul','KickBoxing','131060659',107,'747486611','486094324','521598433');
INSERT INTO `combate` VALUES (6765,215,'No','Rojo','KickBoxing','296446730',107,'908898485','486094324','757067357');
INSERT INTO `combate` VALUES (6773,267,'No','Rojo','Muay Thai','933532275',108,'967750569','524455719','408877663');
INSERT INTO `combate` VALUES (6818,170,'Si','Rojo','K1','180862194',104,'714242544','486094324','207051731');
INSERT INTO `combate` VALUES (6823,164,'No','Azul','Muay Thai','180862194',109,'714242544','735404939','521598433');
INSERT INTO `combate` VALUES (6830,238,'No','Azul','K1','131060659',104,'742424881','283190242','408877663');
INSERT INTO `combate` VALUES (6844,252,'No','Azul','K1','949905168',109,'742424881','524455719','414732526');
INSERT INTO `combate` VALUES (6846,265,'No','Rojo','KickBoxing','296446730',104,'908898485','486094324','408877663');
INSERT INTO `combate` VALUES (6871,242,'No','Rojo','KickBoxing','104382032',101,'967750569','524455719','414732526');
INSERT INTO `combate` VALUES (6877,155,'Si','Azul','KickBoxing','933532275',101,'908898485','524455719','678467403');
INSERT INTO `combate` VALUES (6878,126,'No','Azul','KickBoxing','296446730',101,'742424881','528963381','207051731');
INSERT INTO `combate` VALUES (6901,274,'No','Azul','K1','180862194',102,'742424881','407710841','521598433');
INSERT INTO `combate` VALUES (6940,271,'Si','Rojo','Muay Thai','933532275',106,'962402630','407710841','414732526');
INSERT INTO `combate` VALUES (6962,119,'No','Rojo','KickBoxing','296446730',103,'962402630','407710841','678467403');
INSERT INTO `combate` VALUES (6966,269,'No','Rojo','K1','131060659',108,'714242544','735404939','521598433');
INSERT INTO `combate` VALUES (6988,243,'No','Rojo','KickBoxing','949905168',108,'714242544','486094324','678467403');
INSERT INTO `combate` VALUES (7014,130,'No','Rojo','KickBoxing','236528299',109,'742424881','528963381','678467403');
INSERT INTO `combate` VALUES (7042,254,'Si','Rojo','Muay Thai','180862194',109,'714242544','528963381','408877663');
INSERT INTO `combate` VALUES (7046,114,'No','Azul','Muay Thai','131060659',107,'962402630','524455719','408877663');
INSERT INTO `combate` VALUES (7054,175,'No','Azul','Muay Thai','236528299',106,'908898485','528963381','521598433');
INSERT INTO `combate` VALUES (7090,262,'No','Rojo','KickBoxing','296446730',102,'908898485','407710841','408877663');
INSERT INTO `combate` VALUES (7129,169,'No','Azul','Muay Thai','236528299',109,'742424881','528963381','678467403');
INSERT INTO `combate` VALUES (7143,204,'Si','Azul','KickBoxing','889552040',105,'962402630','528963381','521598433');
INSERT INTO `combate` VALUES (7155,158,'Si','Azul','Muay Thai','889552040',105,'747486611','524455719','408877663');
INSERT INTO `combate` VALUES (7184,256,'No','Rojo','KickBoxing','131060659',103,'962402630','486094324','521598433');
INSERT INTO `combate` VALUES (7192,294,'No','Azul','KickBoxing','236528299',107,'962402630','528963381','521598433');
INSERT INTO `combate` VALUES (7206,277,'Si','Azul','KickBoxing','933532275',107,'714242544','407710841','414732526');
INSERT INTO `combate` VALUES (7208,222,'No','Azul','K1','949905168',102,'967750569','407710841','521598433');
INSERT INTO `combate` VALUES (7224,116,'No','Rojo','KickBoxing','131060659',109,'747486611','283190242','408877663');
INSERT INTO `combate` VALUES (7227,291,'No','Rojo','K1','889552040',107,'714242544','524455719','678467403');
INSERT INTO `combate` VALUES (7234,235,'No','Azul','K1','236528299',109,'747486611','407710841','757067357');
INSERT INTO `combate` VALUES (7249,145,'No','Rojo','KickBoxing','131060659',105,'747486611','528963381','207051731');
INSERT INTO `combate` VALUES (7251,131,'Si','Rojo','KickBoxing','933532275',105,'742424881','524455719','414732526');
INSERT INTO `combate` VALUES (7317,196,'No','Azul','Muay Thai','110352004',104,'747486611','407710841','678467403');
INSERT INTO `combate` VALUES (7322,285,'Si','Azul','KickBoxing','933532275',108,'967750569','486094324','408877663');
INSERT INTO `combate` VALUES (7372,168,'Si','Azul','K1','949905168',109,'742424881','486094324','678467403');
INSERT INTO `combate` VALUES (7393,163,'Si','Rojo','KickBoxing','104382032',110,'962402630','528963381','408877663');
INSERT INTO `combate` VALUES (7417,143,'No','Rojo','Muay Thai','236528299',104,'908898485','407710841','408877663');
INSERT INTO `combate` VALUES (7420,167,'No','Rojo','K1','104382032',108,'714242544','528963381','678467403');
INSERT INTO `combate` VALUES (7426,168,'No','Azul','KickBoxing','933532275',102,'908898485','407710841','678467403');
INSERT INTO `combate` VALUES (7439,180,'Si','Rojo','KickBoxing','104382032',105,'908898485','407710841','757067357');
INSERT INTO `combate` VALUES (7463,297,'No','Rojo','Muay Thai','296446730',103,'747486611','486094324','414732526');
INSERT INTO `combate` VALUES (7478,105,'No','Azul','Muay Thai','949905168',106,'962402630','407710841','408877663');
INSERT INTO `combate` VALUES (7483,173,'Si','Azul','Muay Thai','949905168',102,'742424881','486094324','408877663');
INSERT INTO `combate` VALUES (7523,169,'Si','Azul','K1','236528299',102,'714242544','486094324','757067357');
INSERT INTO `combate` VALUES (7532,280,'No','Azul','KickBoxing','236528299',110,'747486611','528963381','678467403');
INSERT INTO `combate` VALUES (7591,164,'Si','Rojo','KickBoxing','236528299',102,'747486611','486094324','408877663');
INSERT INTO `combate` VALUES (7632,128,'No','Azul','KickBoxing','933532275',105,'747486611','486094324','414732526');
INSERT INTO `combate` VALUES (7657,255,'Si','Azul','K1','949905168',104,'908898485','528963381','678467403');
INSERT INTO `combate` VALUES (7689,199,'No','Azul','KickBoxing','949905168',106,'962402630','528963381','414732526');
INSERT INTO `combate` VALUES (7706,288,'No','Rojo','K1','889552040',106,'908898485','486094324','521598433');
INSERT INTO `combate` VALUES (7708,159,'No','Azul','KickBoxing','180862194',106,'742424881','524455719','521598433');
INSERT INTO `combate` VALUES (7719,163,'No','Azul','KickBoxing','180862194',108,'742424881','528963381','678467403');
INSERT INTO `combate` VALUES (7723,169,'No','Rojo','Muay Thai','104382032',108,'908898485','407710841','521598433');
INSERT INTO `combate` VALUES (7785,262,'Si','Azul','K1','131060659',108,'908898485','524455719','521598433');
INSERT INTO `combate` VALUES (7788,278,'No','Rojo','K1','949905168',103,'742424881','528963381','678467403');
INSERT INTO `combate` VALUES (7795,164,'No','Azul','KickBoxing','104382032',105,'742424881','407710841','414732526');
INSERT INTO `combate` VALUES (7798,142,'Si','Azul','Muay Thai','236528299',102,'742424881','524455719','408877663');
INSERT INTO `combate` VALUES (7817,239,'No','Rojo','KickBoxing','949905168',109,'742424881','407710841','207051731');
INSERT INTO `combate` VALUES (7822,139,'No','Rojo','K1','296446730',104,'742424881','528963381','678467403');
INSERT INTO `combate` VALUES (7831,297,'No','Rojo','K1','933532275',105,'908898485','524455719','521598433');
INSERT INTO `combate` VALUES (7847,245,'No','Azul','KickBoxing','296446730',110,'908898485','486094324','678467403');
INSERT INTO `combate` VALUES (7870,133,'No','Azul','KickBoxing','296446730',109,'962402630','528963381','521598433');
INSERT INTO `combate` VALUES (7885,149,'Si','Azul','KickBoxing','131060659',109,'742424881','486094324','408877663');
INSERT INTO `combate` VALUES (7945,161,'No','Azul','Muay Thai','110352004',105,'962402630','283190242','414732526');
INSERT INTO `combate` VALUES (7952,105,'Si','Rojo','Muay Thai','296446730',105,'962402630','528963381','521598433');
INSERT INTO `combate` VALUES (7969,240,'No','Rojo','KickBoxing','131060659',106,'742424881','486094324','757067357');
INSERT INTO `combate` VALUES (7989,213,'Si','Azul','Muay Thai','933532275',101,'908898485','524455719','414732526');
INSERT INTO `combate` VALUES (7991,156,'No','Rojo','KickBoxing','110352004',109,'742424881','486094324','521598433');
INSERT INTO `combate` VALUES (8039,287,'Si','Rojo','KickBoxing','180862194',108,'742424881','407710841','757067357');
INSERT INTO `combate` VALUES (8079,122,'Si','Rojo','Muay Thai','110352004',109,'908898485','407710841','757067357');
INSERT INTO `combate` VALUES (8095,272,'Si','Rojo','KickBoxing','236528299',103,'908898485','735404939','678467403');
INSERT INTO `combate` VALUES (8117,185,'No','Rojo','KickBoxing','296446730',103,'908898485','486094324','414732526');
INSERT INTO `combate` VALUES (8130,294,'No','Rojo','Muay Thai','104382032',107,'967750569','528963381','414732526');
INSERT INTO `combate` VALUES (8172,260,'No','Azul','K1','949905168',106,'908898485','407710841','521598433');
INSERT INTO `combate` VALUES (8181,106,'Si','Rojo','K1','110352004',102,'742424881','524455719','521598433');
INSERT INTO `combate` VALUES (8213,183,'No','Azul','Muay Thai','104382032',104,'962402630','524455719','207051731');
INSERT INTO `combate` VALUES (8261,163,'Si','Azul','KickBoxing','949905168',106,'742424881','528963381','678467403');
INSERT INTO `combate` VALUES (8262,230,'No','Rojo','KickBoxing','180862194',106,'714242544','407710841','757067357');
INSERT INTO `combate` VALUES (8276,108,'No','Azul','Muay Thai','104382032',102,'962402630','528963381','414732526');
INSERT INTO `combate` VALUES (8313,117,'No','Rojo','K1','933532275',101,'714242544','524455719','414732526');
INSERT INTO `combate` VALUES (8317,126,'No','Azul','KickBoxing','131060659',108,'714242544','407710841','521598433');
INSERT INTO `combate` VALUES (8347,115,'No','Azul','KickBoxing','236528299',105,'962402630','407710841','408877663');
INSERT INTO `combate` VALUES (8353,208,'No','Azul','KickBoxing','180862194',104,'962402630','524455719','207051731');
INSERT INTO `combate` VALUES (8360,112,'Si','Azul','K1','104382032',106,'962402630','524455719','414732526');
INSERT INTO `combate` VALUES (8374,230,'No','Azul','KickBoxing','104382032',106,'962402630','486094324','521598433');
INSERT INTO `combate` VALUES (8395,216,'Si','Azul','Muay Thai','889552040',108,'742424881','524455719','408877663');
INSERT INTO `combate` VALUES (8404,217,'Si','Azul','K1','236528299',108,'967750569','407710841','414732526');
INSERT INTO `combate` VALUES (8410,255,'Si','Azul','K1','296446730',104,'962402630','283190242','521598433');
INSERT INTO `combate` VALUES (8427,275,'Si','Azul','K1','104382032',102,'742424881','407710841','521598433');
INSERT INTO `combate` VALUES (8471,201,'Si','Rojo','Muay Thai','180862194',102,'908898485','524455719','408877663');
INSERT INTO `combate` VALUES (8502,161,'Si','Azul','KickBoxing','949905168',101,'962402630','486094324','757067357');
INSERT INTO `combate` VALUES (8544,139,'No','Azul','K1','933532275',106,'747486611','524455719','408877663');
INSERT INTO `combate` VALUES (8551,244,'No','Azul','Muay Thai','296446730',104,'747486611','524455719','521598433');
INSERT INTO `combate` VALUES (8554,189,'Si','Rojo','Muay Thai','236528299',103,'962402630','407710841','678467403');
INSERT INTO `combate` VALUES (8656,280,'No','Azul','Muay Thai','110352004',107,'747486611','524455719','414732526');
INSERT INTO `combate` VALUES (8670,266,'Si','Azul','KickBoxing','110352004',109,'747486611','735404939','414732526');
INSERT INTO `combate` VALUES (8698,190,'No','Azul','Muay Thai','110352004',105,'967750569','524455719','757067357');
INSERT INTO `combate` VALUES (8706,260,'Si','Rojo','KickBoxing','104382032',109,'908898485','486094324','521598433');
INSERT INTO `combate` VALUES (8709,257,'Si','Rojo','Muay Thai','296446730',102,'747486611','283190242','521598433');
INSERT INTO `combate` VALUES (8719,297,'Si','Azul','KickBoxing','933532275',101,'908898485','407710841','408877663');
INSERT INTO `combate` VALUES (8726,155,'Si','Rojo','KickBoxing','236528299',102,'747486611','528963381','521598433');
INSERT INTO `combate` VALUES (8735,295,'No','Rojo','K1','131060659',107,'967750569','735404939','521598433');
INSERT INTO `combate` VALUES (8747,242,'Si','Azul','KickBoxing','236528299',105,'742424881','524455719','414732526');
INSERT INTO `combate` VALUES (8750,220,'Si','Rojo','Muay Thai','949905168',106,'742424881','407710841','207051731');
INSERT INTO `combate` VALUES (8791,208,'Si','Rojo','KickBoxing','104382032',104,'967750569','283190242','757067357');
INSERT INTO `combate` VALUES (8834,204,'No','Rojo','Muay Thai','104382032',105,'742424881','528963381','521598433');
INSERT INTO `combate` VALUES (8851,194,'Si','Rojo','Muay Thai','104382032',108,'967750569','524455719','521598433');
INSERT INTO `combate` VALUES (8853,231,'Si','Rojo','K1','933532275',106,'967750569','486094324','678467403');
INSERT INTO `combate` VALUES (8889,259,'Si','Rojo','K1','131060659',106,'742424881','407710841','408877663');
INSERT INTO `combate` VALUES (8898,159,'Si','Rojo','KickBoxing','296446730',102,'747486611','486094324','521598433');
INSERT INTO `combate` VALUES (8908,114,'No','Rojo','KickBoxing','236528299',108,'962402630','407710841','414732526');
INSERT INTO `combate` VALUES (8917,123,'Si','Azul','K1','131060659',101,'962402630','524455719','207051731');
INSERT INTO `combate` VALUES (8951,265,'No','Azul','Muay Thai','180862194',108,'962402630','524455719','414732526');
INSERT INTO `combate` VALUES (9011,299,'Si','Azul','K1','889552040',102,'747486611','524455719','521598433');
INSERT INTO `combate` VALUES (9018,127,'Si','Azul','KickBoxing','104382032',109,'908898485','486094324','414732526');
INSERT INTO `combate` VALUES (9048,121,'Si','Rojo','KickBoxing','131060659',107,'962402630','524455719','408877663');
INSERT INTO `combate` VALUES (9053,105,'No','Azul','KickBoxing','296446730',102,'962402630','407710841','757067357');
INSERT INTO `combate` VALUES (9067,133,'Si','Azul','KickBoxing','110352004',109,'962402630','407710841','678467403');
INSERT INTO `combate` VALUES (9070,134,'No','Rojo','KickBoxing','131060659',105,'714242544','528963381','408877663');
INSERT INTO `combate` VALUES (9078,183,'No','Rojo','K1','933532275',108,'967750569','407710841','521598433');
INSERT INTO `combate` VALUES (9085,184,'No','Azul','KickBoxing','933532275',108,'908898485','735404939','521598433');
INSERT INTO `combate` VALUES (9111,225,'Si','Azul','Muay Thai','236528299',105,'714242544','407710841','678467403');
INSERT INTO `combate` VALUES (9136,110,'No','Azul','Muay Thai','889552040',110,'967750569','735404939','521598433');
INSERT INTO `combate` VALUES (9230,139,'No','Rojo','K1','180862194',105,'714242544','486094324','678467403');
INSERT INTO `combate` VALUES (9280,121,'No','Azul','KickBoxing','110352004',107,'747486611','528963381','408877663');
INSERT INTO `combate` VALUES (9299,161,'No','Azul','KickBoxing','180862194',109,'747486611','407710841','408877663');
INSERT INTO `combate` VALUES (9322,228,'No','Azul','K1','933532275',105,'962402630','528963381','414732526');
INSERT INTO `combate` VALUES (9329,141,'No','Rojo','K1','180862194',102,'962402630','407710841','408877663');
INSERT INTO `combate` VALUES (9384,233,'No','Azul','KickBoxing','296446730',105,'962402630','407710841','414732526');
INSERT INTO `combate` VALUES (9403,116,'No','Rojo','K1','296446730',104,'967750569','528963381','521598433');
INSERT INTO `combate` VALUES (9407,114,'Si','Rojo','Muay Thai','296446730',109,'742424881','407710841','521598433');
INSERT INTO `combate` VALUES (9425,129,'Si','Azul','KickBoxing','236528299',104,'962402630','407710841','521598433');
INSERT INTO `combate` VALUES (9501,189,'No','Rojo','KickBoxing','296446730',110,'714242544','735404939','678467403');
INSERT INTO `combate` VALUES (9535,107,'No','Rojo','KickBoxing','104382032',107,'908898485','486094324','207051731');
INSERT INTO `combate` VALUES (9558,256,'Si','Rojo','K1','933532275',109,'962402630','407710841','408877663');
INSERT INTO `combate` VALUES (9606,183,'No','Rojo','KickBoxing','949905168',109,'962402630','735404939','757067357');
INSERT INTO `combate` VALUES (9660,202,'Si','Azul','KickBoxing','180862194',104,'908898485','528963381','408877663');
INSERT INTO `combate` VALUES (9670,219,'No','Rojo','K1','296446730',103,'714242544','528963381','678467403');
INSERT INTO `combate` VALUES (9711,156,'Si','Rojo','KickBoxing','131060659',103,'747486611','524455719','757067357');
INSERT INTO `combate` VALUES (9716,169,'Si','Azul','Muay Thai','933532275',109,'742424881','486094324','408877663');
INSERT INTO `combate` VALUES (9730,285,'Si','Azul','KickBoxing','933532275',107,'962402630','524455719','521598433');
INSERT INTO `combate` VALUES (9734,158,'Si','Rojo','KickBoxing','949905168',102,'742424881','407710841','414732526');
INSERT INTO `combate` VALUES (9748,205,'No','Rojo','Muay Thai','131060659',109,'742424881','486094324','408877663');
INSERT INTO `combate` VALUES (9794,108,'Si','Rojo','K1','236528299',109,'962402630','528963381','207051731');
INSERT INTO `combate` VALUES (9811,157,'Si','Rojo','KickBoxing','110352004',104,'747486611','735404939','408877663');
INSERT INTO `combate` VALUES (9860,210,'Si','Azul','Muay Thai','180862194',106,'962402630','407710841','678467403');
INSERT INTO `combate` VALUES (9867,167,'Si','Rojo','KickBoxing','933532275',103,'742424881','407710841','521598433');
INSERT INTO `combate` VALUES (9869,197,'No','Azul','Muay Thai','110352004',109,'962402630','524455719','207051731');
INSERT INTO `combate` VALUES (9889,165,'Si','Azul','K1','889552040',106,'962402630','283190242','408877663');
INSERT INTO `combate` VALUES (9923,259,'Si','Azul','KickBoxing','131060659',102,'747486611','486094324','408877663');
INSERT INTO `combate` VALUES (9949,243,'No','Rojo','Muay Thai','949905168',105,'714242544','283190242','757067357');
INSERT INTO `combate` VALUES (9957,198,'No','Rojo','KickBoxing','104382032',106,'908898485','283190242','414732526');
INSERT INTO `combate` VALUES (9979,105,'No','Rojo','KickBoxing','236528299',104,'908898485','524455719','414732526');
INSERT INTO `combate` VALUES (9986,107,'No','Azul','Muay Thai','296446730',109,'967750569','486094324','678467403');

--
-- Dumping data for table `competicion`
--

INSERT INTO `competicion` VALUES (101,'Competicion K1','2023-01-04',1000,10000);
INSERT INTO `competicion` VALUES (102,'Competicion K1','2023-02-03',1001,10001);
INSERT INTO `competicion` VALUES (103,'Competicion Muay Thai','2023-03-08',1002,10002);
INSERT INTO `competicion` VALUES (104,'Competicion KickBoxing','2021-04-01',1003,10003);
INSERT INTO `competicion` VALUES (105,'Competicion Muay Thai','2022-05-02',1004,10004);
INSERT INTO `competicion` VALUES (106,'Competicion Muay Thai','2023-06-09',1005,10005);
INSERT INTO `competicion` VALUES (107,'Competicion KickBoxing','2024-07-05',1006,10006);
INSERT INTO `competicion` VALUES (108,'Competicion K1','2020-08-06',1007,10007);
INSERT INTO `competicion` VALUES (109,'Competicion K1','2021-09-07',1008,10008);
INSERT INTO `competicion` VALUES (110,'Competicion Muay Thai','2020-10-08',1009,10009);
INSERT INTO `competicion` VALUES (111,'Competicion K1','2025-04-01',1010,10010);

--
-- Dumping data for table `entrenador`
--

INSERT INTO `entrenador` VALUES ('102547793','Bell','Fischer',5655625,'Tortor Corp.');
INSERT INTO `entrenador` VALUES ('103496810','Joy','Bullock',7131599,'Scelerisque Lorem LLP');
INSERT INTO `entrenador` VALUES ('104099393','Dillon','Brown',5671032,'Egestas Duis Corp.');
INSERT INTO `entrenador` VALUES ('104515400','Caesar','Rollins',6566533,'Ipsum Donec Corporation');
INSERT INTO `entrenador` VALUES ('105995562','Barry','Sears',8067859,'Ac Mi LLC');
INSERT INTO `entrenador` VALUES ('111569228','Dylan','Haynes',9365097,'Nisl Arcu Iaculis PC');
INSERT INTO `entrenador` VALUES ('123916418','Hall','Winters',7489572,'Nunc Industries');
INSERT INTO `entrenador` VALUES ('135557545','Tatiana','Oliver',5675557,'Accumsan Interdum Libero PC');
INSERT INTO `entrenador` VALUES ('144543713','Solomon','Larsen',7415169,'Dictum Foundation');
INSERT INTO `entrenador` VALUES ('167240898','Marah','Cotton',8433599,'Sit Amet Corp.');
INSERT INTO `entrenador` VALUES ('173161099','Reece','Mcintyre',7316505,'Egestas Nunc LLC');
INSERT INTO `entrenador` VALUES ('194411404','Neville','Golden',2957762,'Quisque Imperdiet PC');
INSERT INTO `entrenador` VALUES ('197498052','Uriah','Gutierrez',2508290,'Lorem Corp.');
INSERT INTO `entrenador` VALUES ('207439158','Kirby','Beasley',2020487,'Nec Ante Blandit Industries');
INSERT INTO `entrenador` VALUES ('208501226','Urielle','Herring',3401150,'Nam Porttitor Scelerisque Inc.');
INSERT INTO `entrenador` VALUES ('233752542','Barrett','Dejesus',8782828,'Lorem Institute');
INSERT INTO `entrenador` VALUES ('238848601','Caryn','Mosley',6381227,'Blandit Congue LLC');
INSERT INTO `entrenador` VALUES ('249243389','Armand','Mcdonald',6960534,'At PC');
INSERT INTO `entrenador` VALUES ('251866031','Daniel','Gilbert',3842817,'Phasellus Foundation');
INSERT INTO `entrenador` VALUES ('254992885','Channing','Erickson',8615903,'Neque Sed LLC');
INSERT INTO `entrenador` VALUES ('257983566','Tiger','Hartman',3716610,'Facilisis Non Ltd');
INSERT INTO `entrenador` VALUES ('258114143','Hanae','Hoover',3765265,'Facilisis Eget Ipsum Incorporated');
INSERT INTO `entrenador` VALUES ('272916452','Rashad','Estrada',6437001,'Mi Foundation');
INSERT INTO `entrenador` VALUES ('285779938','Theodore','Hoffman',8213038,'Mollis Phasellus Company');
INSERT INTO `entrenador` VALUES ('296140484','Velma','Fitzpatrick',6316591,'Diam Vel Company');
INSERT INTO `entrenador` VALUES ('299663328','Kiona','Peters',6052902,'Tellus LLP');
INSERT INTO `entrenador` VALUES ('300520984','Denise','Briggs',1981857,'Id Nunc Associates');
INSERT INTO `entrenador` VALUES ('300765444','Ethan','Fuller',2362874,'Nunc Sed Consulting');
INSERT INTO `entrenador` VALUES ('304470958','Jordan','Wilson',9458522,'Tellus Corporation');
INSERT INTO `entrenador` VALUES ('306640141','Dexter','Guzman',3159817,'Parturient Montes Nascetur Corporation');
INSERT INTO `entrenador` VALUES ('308675661','Darrel','Harrington',2031700,'Magna LLC');
INSERT INTO `entrenador` VALUES ('335494693','Gannon','Donaldson',7194197,'Tellus Sem Mollis Industries');
INSERT INTO `entrenador` VALUES ('364613971','Jayme','Fry',3686788,'Orci PC');
INSERT INTO `entrenador` VALUES ('369935272','Dylan','Miller',7176288,'Rhoncus Donec Consulting');
INSERT INTO `entrenador` VALUES ('373974105','Peter','Lynch',1194649,'Lobortis Augue Incorporated');
INSERT INTO `entrenador` VALUES ('378644158','Holly','Bray',4405831,'Ligula Foundation');
INSERT INTO `entrenador` VALUES ('391840111','Arden','Conley',4292410,'Tempor Diam Corporation');
INSERT INTO `entrenador` VALUES ('394724317','Lydia','Kidd',7436268,'Fermentum Corporation');
INSERT INTO `entrenador` VALUES ('398209301','Cathleen','Molina',9649150,'Tortor LLP');
INSERT INTO `entrenador` VALUES ('398727966','Regan','Williamson',1754975,'Nec Mollis Vitae Company');
INSERT INTO `entrenador` VALUES ('415334357','Kirk','Dale',9472628,'Etiam Ligula Corp.');
INSERT INTO `entrenador` VALUES ('424656952','Moses','Perry',8599993,'Amet Massa Incorporated');
INSERT INTO `entrenador` VALUES ('441486286','Ciara','Griffin',2948249,'Est Arcu Associates');
INSERT INTO `entrenador` VALUES ('446829374','Barrett','Barr',5231201,'Sit Amet Corp.');
INSERT INTO `entrenador` VALUES ('460809089','Jayme','Sharp',8036974,'Orci Ut Consulting');
INSERT INTO `entrenador` VALUES ('469162494','Lani','Joyce',8038238,'Aliquam Fringilla Industries');
INSERT INTO `entrenador` VALUES ('477492119','Courtney','Kirkland',7048185,'Ac Limited');
INSERT INTO `entrenador` VALUES ('524372296','Carol','Wilkerson',8089162,'Integer Urna Vivamus Inc.');
INSERT INTO `entrenador` VALUES ('533929534','Willow','O\'Neill',2140132,'Suspendisse Commodo LLC');
INSERT INTO `entrenador` VALUES ('546488746','Avram','Trevino',5800137,'Sollicitudin Corporation');
INSERT INTO `entrenador` VALUES ('557129804','May','Carter',6608323,'Neque Nullam Limited');
INSERT INTO `entrenador` VALUES ('560266254','Calvin','Meyer',9268283,'Tincidunt Aliquam Institute');
INSERT INTO `entrenador` VALUES ('572196047','Adam','Tanner',2327835,'Purus Gravida Sagittis Associates');
INSERT INTO `entrenador` VALUES ('580374977','Asher','Murray',1175073,'Mollis Lectus PC');
INSERT INTO `entrenador` VALUES ('581434667','Russell','Bright',6567918,'Ultrices Posuere Cubilia Incorporated');
INSERT INTO `entrenador` VALUES ('591288068','August','Woods',5843140,'Lectus Ante Company');
INSERT INTO `entrenador` VALUES ('599333391','Ulric','Scott',5893572,'Est Nunc Limited');
INSERT INTO `entrenador` VALUES ('599824742','Wynter','Cannon',2138914,'Tempor Est Ac Limited');
INSERT INTO `entrenador` VALUES ('613032793','Brett','Kerr',3756719,'Lobortis Risus In Ltd');
INSERT INTO `entrenador` VALUES ('621596119','Malik','Ortega',2606121,'Semper Et Foundation');
INSERT INTO `entrenador` VALUES ('625317637','Megan','Thompson',5614662,'Urna Nec Limited');
INSERT INTO `entrenador` VALUES ('625533217','Glenna','Alvarez',6412243,'Nec Foundation');
INSERT INTO `entrenador` VALUES ('643191988','Price','Cruz',8489665,'Lobortis Corporation');
INSERT INTO `entrenador` VALUES ('646743355','Tara','Black',9271852,'Integer Inc.');
INSERT INTO `entrenador` VALUES ('663669121','Nash','Banks',9895341,'Nonummy Ipsum Non PC');
INSERT INTO `entrenador` VALUES ('665110869','Noel','Camacho',1015932,'Nisi A Limited');
INSERT INTO `entrenador` VALUES ('681708119','Alexis','Hayes',3381953,'Enim Sed LLP');
INSERT INTO `entrenador` VALUES ('684033595','Nasim','Chandler',4603233,'Luctus Ipsum Leo Foundation');
INSERT INTO `entrenador` VALUES ('705473061','Noble','Hudson',9436083,'Massa Corporation');
INSERT INTO `entrenador` VALUES ('706922590','Fletcher','Weber',7413831,'Quisque Ltd');
INSERT INTO `entrenador` VALUES ('710561068','Hayden','Irwin',2086441,'Velit Dui Corporation');
INSERT INTO `entrenador` VALUES ('714603608','Edan','Riggs',4951010,'Ut LLC');
INSERT INTO `entrenador` VALUES ('724637792','Dolan','Boyle',4270127,'Eu Ultrices Corporation');
INSERT INTO `entrenador` VALUES ('739842273','Chava','Gilmore',2242346,'Sollicitudin Orci Limited');
INSERT INTO `entrenador` VALUES ('747718070','Lael','Castillo',2556837,'Vulputate Institute');
INSERT INTO `entrenador` VALUES ('765112521','Vivian','Burt',6301842,'Semper LLP');
INSERT INTO `entrenador` VALUES ('768749732','Maia','Vang',3239321,'Sagittis Lobortis Company');
INSERT INTO `entrenador` VALUES ('778123942','Candace','Potter',8420576,'In Lobortis LLC');
INSERT INTO `entrenador` VALUES ('789776687','Cruz','Maynard',1644946,'Pretium Institute');
INSERT INTO `entrenador` VALUES ('815829833','Isaiah','Oliver',5347757,'Convallis Institute');
INSERT INTO `entrenador` VALUES ('829242239','Josiah','Blevins',6378783,'Montes LLC');
INSERT INTO `entrenador` VALUES ('829536667','Chantale','Terrell',9058906,'Sodales Nisi Incorporated');
INSERT INTO `entrenador` VALUES ('839667022','Vance','Stevens',1042061,'Massa Mauris Associates');
INSERT INTO `entrenador` VALUES ('839691535','Lani','Hayden',8065503,'Non Dui Associates');
INSERT INTO `entrenador` VALUES ('859162730','Paki','Parker',1042496,'Risus Varius PC');
INSERT INTO `entrenador` VALUES ('869528400','Iola','Dunn',6964407,'Maecenas Iaculis Aliquet Incorporated');
INSERT INTO `entrenador` VALUES ('877190670','Abel','Maynard',8569614,'Arcu Vestibulum Corp.');
INSERT INTO `entrenador` VALUES ('879316592','Eliana','Kim',8467036,'At PC');
INSERT INTO `entrenador` VALUES ('891206956','Rhonda','Merritt',2134974,'Mauris Ltd');
INSERT INTO `entrenador` VALUES ('905249378','Ryder','Dixon',7945934,'Velit Quisque Associates');
INSERT INTO `entrenador` VALUES ('910676575','Macey','Reilly',7580797,'Curae Phasellus Ornare LLP');
INSERT INTO `entrenador` VALUES ('925539202','Uta','Rivas',9749103,'Nullam Ltd');
INSERT INTO `entrenador` VALUES ('925912044','Thor','Vaughn',2758036,'Ante Dictum Inc.');
INSERT INTO `entrenador` VALUES ('929869883','Alice','Alvarado',4650429,'Interdum Enim Associates');
INSERT INTO `entrenador` VALUES ('940023248','Patrick','Bennett',3564581,'Sed LLP');
INSERT INTO `entrenador` VALUES ('940665003','Rose','Dorsey',6502828,'Praesent Corp.');
INSERT INTO `entrenador` VALUES ('941046567','Fredericka','Craig',2209014,'Donec Corp.');
INSERT INTO `entrenador` VALUES ('957328510','Noelle','Herrera',8355188,'Diam Nunc Ullamcorper LLC');
INSERT INTO `entrenador` VALUES ('968742319','Nehru','George',8237402,'Erat Volutpat PC');
INSERT INTO `entrenador` VALUES ('988193839','Olympia','Harrell',6847641,'Magna Malesuada LLP');

--
-- Dumping data for table `gimnasio`
--

INSERT INTO `gimnasio` VALUES (10000,'Semper Erat In Consulting','Kay Summers',542,8062700);
INSERT INTO `gimnasio` VALUES (10001,'Etiam Inc.','Brandon Delgado',434,6516953);
INSERT INTO `gimnasio` VALUES (10002,'Auctor Odio A Incorporated','Ruby Mccormick',557,2422925);
INSERT INTO `gimnasio` VALUES (10003,'Malesuada Id Inc.','Colin Beasley',553,8614374);
INSERT INTO `gimnasio` VALUES (10004,'Cras Dictum Ltd','Alan Atkinson',498,8003095);
INSERT INTO `gimnasio` VALUES (10005,'Nec Euismod In Corporation','Hakeem Patton',541,3478948);
INSERT INTO `gimnasio` VALUES (10006,'Sit Associates','Chanda Strickland',362,3445794);
INSERT INTO `gimnasio` VALUES (10007,'Malesuada Corp.','Dai Frederick',345,2464446);
INSERT INTO `gimnasio` VALUES (10008,'Mauris Company','Adrienne Valenzuela',501,4755690);
INSERT INTO `gimnasio` VALUES (10009,'Mauris Morbi LLP','Molly Anthony',433,5330588);
INSERT INTO `gimnasio` VALUES (10010,'Adipiscing Fringilla Limited','Declan Pate',427,5017264);
INSERT INTO `gimnasio` VALUES (10011,'Pharetra Foundation','Tana Acevedo',368,9023704);
INSERT INTO `gimnasio` VALUES (10012,'Ullamcorper Viverra Maecenas Associates','Jacob Hahn',410,7708445);
INSERT INTO `gimnasio` VALUES (10013,'Sagittis Placerat LLC','Nevada Bird',423,5782757);
INSERT INTO `gimnasio` VALUES (10014,'Orci Inc.','Evan Rivera',454,2571202);
INSERT INTO `gimnasio` VALUES (10015,'Convallis LLC','Paki Bean',373,4079561);
INSERT INTO `gimnasio` VALUES (10016,'Mus Proin Ltd','Mona Jensen',361,5913151);
INSERT INTO `gimnasio` VALUES (10017,'Dictum Placerat Associates','Herrod Hale',316,3437429);
INSERT INTO `gimnasio` VALUES (10018,'Eleifend Nunc Institute','Violet Horton',564,8331605);
INSERT INTO `gimnasio` VALUES (10019,'Volutpat Ornare Incorporated','Kaye Navarro',305,7293842);
INSERT INTO `gimnasio` VALUES (10020,'Donec Luctus Aliquet Incorporated','Mia Myers',540,9017845);
INSERT INTO `gimnasio` VALUES (10021,'Vitae LLC','Finn Woods',574,4207941);
INSERT INTO `gimnasio` VALUES (10022,'Tortor At LLP','Rhona Craig',477,9771239);
INSERT INTO `gimnasio` VALUES (10023,'Metus LLC','Hashim Kent',434,9543210);
INSERT INTO `gimnasio` VALUES (10024,'At Consulting','Shannon Leon',326,5362792);
INSERT INTO `gimnasio` VALUES (10025,'Montes Nascetur Industries','Claudia Lott',584,3339437);
INSERT INTO `gimnasio` VALUES (10026,'Ipsum Phasellus Limited','Daniel Roth',504,2937050);
INSERT INTO `gimnasio` VALUES (10027,'Fusce Feugiat Industries','Dane Gould',453,4495475);
INSERT INTO `gimnasio` VALUES (10028,'Morbi Metus Vivamus Corporation','Uriel Riley',575,3065948);
INSERT INTO `gimnasio` VALUES (10029,'Tortor Dictum LLC','Neville Ferrell',408,7741873);
INSERT INTO `gimnasio` VALUES (10030,'Cursus Luctus Consulting','Dorothy Compton',389,4502447);
INSERT INTO `gimnasio` VALUES (10031,'Sem Pellentesque Ut Institute','Whoopi Waters',525,8857242);
INSERT INTO `gimnasio` VALUES (10032,'Eros Non Enim LLC','Kasper Slater',496,1585840);
INSERT INTO `gimnasio` VALUES (10033,'Elit A Associates','Florence Maynard',590,9218887);
INSERT INTO `gimnasio` VALUES (10034,'Ornare Lectus Justo Company','Kieran Thomas',457,5543782);
INSERT INTO `gimnasio` VALUES (10035,'Eget Corporation','Alexa Miles',387,5932622);
INSERT INTO `gimnasio` VALUES (10036,'Mi Enim Condimentum Foundation','Damian Gibson',506,1411382);
INSERT INTO `gimnasio` VALUES (10037,'Etiam Corp.','Lillian Wells',335,7353928);
INSERT INTO `gimnasio` VALUES (10038,'Luctus Vulputate Nisi PC','Basia Vaughn',564,1169481);
INSERT INTO `gimnasio` VALUES (10039,'Cursus Corporation','Emery Johnson',441,2388460);
INSERT INTO `gimnasio` VALUES (10040,'Donec Sollicitudin Adipiscing Industries','Tucker Colon',561,6749125);
INSERT INTO `gimnasio` VALUES (10041,'Tellus Non LLP','Shelley Wyatt',492,3817581);
INSERT INTO `gimnasio` VALUES (10042,'Massa Rutrum Magna Foundation','Florence Mcleod',433,9193886);
INSERT INTO `gimnasio` VALUES (10043,'Tellus Nunc Lectus LLP','Angela Glenn',364,4921848);
INSERT INTO `gimnasio` VALUES (10044,'Ipsum Suspendisse LLC','Scott Ryan',358,9260087);
INSERT INTO `gimnasio` VALUES (10045,'Id Blandit Institute','Cleo Conner',422,4531396);
INSERT INTO `gimnasio` VALUES (10046,'Eget LLP','Cheyenne Pearson',519,2080787);
INSERT INTO `gimnasio` VALUES (10047,'Quis Urna Corporation','Xandra Molina',600,9721253);
INSERT INTO `gimnasio` VALUES (10048,'Lobortis Ultrices Inc.','Angela Ray',390,1693802);
INSERT INTO `gimnasio` VALUES (10049,'Hendrerit Foundation','Fritz Valentine',391,4126476);
INSERT INTO `gimnasio` VALUES (10050,'Suscipit Limited','Dara Aguirre',591,8036028);
INSERT INTO `gimnasio` VALUES (10051,'Purus Mauris A Incorporated','Zoe Odom',429,6120184);
INSERT INTO `gimnasio` VALUES (10052,'Eget LLC','Kitra Shepard',492,3659342);
INSERT INTO `gimnasio` VALUES (10053,'Ligula Corp.','Brenden Marks',370,4481359);
INSERT INTO `gimnasio` VALUES (10054,'Non Nisi LLC','Sylvia Randolph',378,1087245);
INSERT INTO `gimnasio` VALUES (10055,'Lectus Ante Associates','Jasmine Brooks',402,8685377);
INSERT INTO `gimnasio` VALUES (10056,'Ornare Egestas Ltd','Bo Becker',357,9830424);
INSERT INTO `gimnasio` VALUES (10057,'Eget Associates','Tobias Mcclain',422,9403623);
INSERT INTO `gimnasio` VALUES (10058,'Proin Dolor Nulla Company','Rae Dunn',588,8952442);
INSERT INTO `gimnasio` VALUES (10059,'Proin LLP','Bell Acevedo',391,9073501);
INSERT INTO `gimnasio` VALUES (10060,'Non Corporation','Nell Adkins',526,9985031);
INSERT INTO `gimnasio` VALUES (10061,'Augue Sed Industries','Murphy Bentley',333,2948447);
INSERT INTO `gimnasio` VALUES (10062,'Dolor Quisque Tincidunt PC','Odysseus Rocha',585,6707432);
INSERT INTO `gimnasio` VALUES (10063,'Id Mollis Foundation','Murphy Smith',430,8722796);
INSERT INTO `gimnasio` VALUES (10064,'Quisque Purus LLP','Quentin Morales',362,8536493);
INSERT INTO `gimnasio` VALUES (10065,'Inceptos Foundation','Calista Huff',494,1391382);
INSERT INTO `gimnasio` VALUES (10066,'Nascetur Ridiculus Mus Institute','Brendan Lindsay',345,5511158);
INSERT INTO `gimnasio` VALUES (10067,'Magnis Dis Institute','Mariam Carver',551,6668147);
INSERT INTO `gimnasio` VALUES (10068,'Nunc Laoreet Associates','Merrill Crane',564,8832208);
INSERT INTO `gimnasio` VALUES (10069,'Maecenas Ornare Ltd','Aline Hensley',342,1955757);
INSERT INTO `gimnasio` VALUES (10070,'Sociis Natoque Foundation','Xantha Cherry',370,1560271);
INSERT INTO `gimnasio` VALUES (10071,'In LLC','Cain Barker',370,9517805);
INSERT INTO `gimnasio` VALUES (10072,'Mi Ac Institute','Brendan Davenport',310,9294700);
INSERT INTO `gimnasio` VALUES (10073,'Massa Integer Associates','Alfreda Hancock',377,8093185);
INSERT INTO `gimnasio` VALUES (10074,'Pede Suspendisse Limited','Allen Mcdaniel',499,9654118);
INSERT INTO `gimnasio` VALUES (10075,'Blandit Corp.','Christine Hull',376,1046201);
INSERT INTO `gimnasio` VALUES (10076,'Dolor Dolor Inc.','Leah Jarvis',419,8508758);
INSERT INTO `gimnasio` VALUES (10077,'Aliquam Arcu Inc.','Jocelyn Ware',312,5220304);
INSERT INTO `gimnasio` VALUES (10078,'Est Congue Institute','Plato Curry',592,6755356);
INSERT INTO `gimnasio` VALUES (10079,'Blandit Enim Consequat Foundation','Hunter Garcia',462,6869172);
INSERT INTO `gimnasio` VALUES (10080,'Sodales At Ltd','Olga Sharp',385,4537069);
INSERT INTO `gimnasio` VALUES (10081,'Sed Dictum PC','Adam Dotson',336,1313996);
INSERT INTO `gimnasio` VALUES (10082,'Donec Nibh Corporation','Shelby Finch',494,9202497);
INSERT INTO `gimnasio` VALUES (10083,'Nunc Risus LLP','Rooney Andrews',333,7257356);
INSERT INTO `gimnasio` VALUES (10084,'Aliquet Odio Foundation','Burton Travis',590,6868286);
INSERT INTO `gimnasio` VALUES (10085,'Ante Lectus LLP','Jackson Randall',450,5365930);
INSERT INTO `gimnasio` VALUES (10086,'Nam Institute','Palmer Horn',502,2594125);
INSERT INTO `gimnasio` VALUES (10087,'Neque Nullam LLC','Lamar Booth',512,4691238);
INSERT INTO `gimnasio` VALUES (10088,'Nibh Dolor Incorporated','Nicholas Owens',580,6248873);
INSERT INTO `gimnasio` VALUES (10089,'Lacus Foundation','Nelle Madden',312,7632345);
INSERT INTO `gimnasio` VALUES (10090,'Vitae LLP','Thomas Fox',332,3276052);
INSERT INTO `gimnasio` VALUES (10091,'Lorem Eu Metus Ltd','Lisandra Calderon',341,4997598);
INSERT INTO `gimnasio` VALUES (10092,'Dui Suspendisse Consulting','Timon Hanson',420,1498490);
INSERT INTO `gimnasio` VALUES (10093,'Tellus Sem Ltd','Ulysses Brock',540,9794358);
INSERT INTO `gimnasio` VALUES (10094,'Eu Consulting','Drake Sheppard',365,5665890);
INSERT INTO `gimnasio` VALUES (10095,'Nibh Sit Amet Limited','Luke Durham',356,1416291);
INSERT INTO `gimnasio` VALUES (10096,'Eget Dictum Corp.','Charde Mcmillan',446,4332586);
INSERT INTO `gimnasio` VALUES (10097,'Augue Ut Incorporated','Brian Gallegos',315,7205905);
INSERT INTO `gimnasio` VALUES (10098,'Tincidunt Orci Limited','Luke Flores',488,4742981);
INSERT INTO `gimnasio` VALUES (10099,'Malesuada Vel Associates','Inga Christian',380,9593022);
INSERT INTO `gimnasio` VALUES (10100,'MuayThaiBox','Jose garcía',100,6545432);

--
-- Dumping data for table `juez1`
--

INSERT INTO `juez1` VALUES ('115508463','Ora','Finch',3666387,NULL,154);
INSERT INTO `juez1` VALUES ('117175542','Hunter','Schmidt',7715006,NULL,123);
INSERT INTO `juez1` VALUES ('122415898','Raven','Medina',6338784,NULL,267);
INSERT INTO `juez1` VALUES ('124345341','Mike','Tyson',1243255,'',100);
INSERT INTO `juez1` VALUES ('125967697','Tiger','Durham',9077198,NULL,156);
INSERT INTO `juez1` VALUES ('126888138','Austin','Serrano',7919450,NULL,136);
INSERT INTO `juez1` VALUES ('147655489','Lenore','Henry',5812492,NULL,217);
INSERT INTO `juez1` VALUES ('151244986','Christian','Ratliff',3693447,NULL,177);
INSERT INTO `juez1` VALUES ('155258586','Ifeoma','Watts',5573328,NULL,249);
INSERT INTO `juez1` VALUES ('156612175','Veda','Chambers',6595505,NULL,132);
INSERT INTO `juez1` VALUES ('169601305','Vivian','Sosa',2419333,NULL,230);
INSERT INTO `juez1` VALUES ('171110261','Martin','Mcintyre',5871345,NULL,260);
INSERT INTO `juez1` VALUES ('171519401','Carol','Williams',9961320,NULL,176);
INSERT INTO `juez1` VALUES ('176649784','Lucian','Dalton',4293347,NULL,129);
INSERT INTO `juez1` VALUES ('180242952','Mechelle','Baxter',1202826,NULL,101);
INSERT INTO `juez1` VALUES ('192310669','Wang','Stanton',9783404,NULL,254);
INSERT INTO `juez1` VALUES ('193406780','Eaton','Wade',4142993,NULL,141);
INSERT INTO `juez1` VALUES ('208371598','Jordan','Cleveland',1297287,NULL,174);
INSERT INTO `juez1` VALUES ('223340745','Elaine','Vance',1229473,NULL,230);
INSERT INTO `juez1` VALUES ('244246485','Kirestin','Rutledge',8051699,NULL,185);
INSERT INTO `juez1` VALUES ('244286747','Isaac','Ferrell',2196821,NULL,206);
INSERT INTO `juez1` VALUES ('245027061','Abel','Bonner',5168341,NULL,108);
INSERT INTO `juez1` VALUES ('267684627','Destiny','Abbott',8590887,NULL,208);
INSERT INTO `juez1` VALUES ('270622855','Leah','Castro',1554895,NULL,188);
INSERT INTO `juez1` VALUES ('272587636','Raphael','Crane',2906630,NULL,275);
INSERT INTO `juez1` VALUES ('273880566','Larissa','Abbott',8694245,NULL,187);
INSERT INTO `juez1` VALUES ('279645706','Mercedes','Tanner',1270289,NULL,232);
INSERT INTO `juez1` VALUES ('283201942','Yuli','Roman',7645630,NULL,279);
INSERT INTO `juez1` VALUES ('285389920','Flavia','Tucker',6731303,NULL,235);
INSERT INTO `juez1` VALUES ('299289092','Colette','Sears',4606414,NULL,213);
INSERT INTO `juez1` VALUES ('306980482','Chaney','Dunlap',7602564,NULL,125);
INSERT INTO `juez1` VALUES ('308100322','Grace','Cash',5968384,NULL,249);
INSERT INTO `juez1` VALUES ('316662506','Laura','Mack',8809477,NULL,210);
INSERT INTO `juez1` VALUES ('330374089','Cain','Alston',8283590,NULL,154);
INSERT INTO `juez1` VALUES ('340664842','Amery','Grant',3463216,NULL,173);
INSERT INTO `juez1` VALUES ('341076640','Noble','Cameron',7843387,NULL,176);
INSERT INTO `juez1` VALUES ('357295720','Heidi','Caldwell',4447160,NULL,103);
INSERT INTO `juez1` VALUES ('363858033','Fitzgerald','Grimes',7046140,NULL,197);
INSERT INTO `juez1` VALUES ('370143711','Fritz','Short',5690305,NULL,209);
INSERT INTO `juez1` VALUES ('398600905','Garrett','Ortiz',4938998,NULL,223);
INSERT INTO `juez1` VALUES ('399860046','Adrienne','Carver',6354257,NULL,125);
INSERT INTO `juez1` VALUES ('405199611','Quamar','Hayden',2768222,NULL,113);
INSERT INTO `juez1` VALUES ('405342179','Gage','Sawyer',8679065,NULL,288);
INSERT INTO `juez1` VALUES ('416592467','Brady','Alvarez',6883636,NULL,217);
INSERT INTO `juez1` VALUES ('420429574','Colorado','Davis',3398080,NULL,153);
INSERT INTO `juez1` VALUES ('427912252','Kirk','Gallegos',5722402,NULL,168);
INSERT INTO `juez1` VALUES ('470008387','Ira','Pierce',1055694,NULL,220);
INSERT INTO `juez1` VALUES ('485011232','Demetria','Craig',6352281,NULL,189);
INSERT INTO `juez1` VALUES ('487845862','Latifah','Perkins',9636054,NULL,169);
INSERT INTO `juez1` VALUES ('495010554','Stacy','Levy',4011801,NULL,131);
INSERT INTO `juez1` VALUES ('509406622','Fritz','Romero',9170048,NULL,137);
INSERT INTO `juez1` VALUES ('522063833','Jack','Jimenez',5505981,NULL,274);
INSERT INTO `juez1` VALUES ('536657849','Byron','Solomon',3781238,NULL,149);
INSERT INTO `juez1` VALUES ('559395086','Fay','Petty',3254027,NULL,127);
INSERT INTO `juez1` VALUES ('563573631','Kitra','Hernandez',4405800,NULL,175);
INSERT INTO `juez1` VALUES ('576836854','Calista','Pope',8191541,NULL,175);
INSERT INTO `juez1` VALUES ('580793716','Naida','Young',7815303,NULL,274);
INSERT INTO `juez1` VALUES ('607161006','Richard','Paul',9905378,NULL,181);
INSERT INTO `juez1` VALUES ('618255036','Todd','Bray',8020070,NULL,200);
INSERT INTO `juez1` VALUES ('628176326','Chase','Glover',8463779,NULL,187);
INSERT INTO `juez1` VALUES ('645002526','Pascale','Boone',4282461,NULL,201);
INSERT INTO `juez1` VALUES ('647440751','Thor','Giles',7050673,NULL,150);
INSERT INTO `juez1` VALUES ('660468442','Patience','Dickson',1693530,NULL,296);
INSERT INTO `juez1` VALUES ('692349787','Harlan','Sharpe',3418146,NULL,215);
INSERT INTO `juez1` VALUES ('699436915','William','Whitfield',1980213,NULL,127);
INSERT INTO `juez1` VALUES ('700218669','Imani','Moses',5327332,NULL,268);
INSERT INTO `juez1` VALUES ('702257897','Britanni','West',5771038,NULL,171);
INSERT INTO `juez1` VALUES ('714242544','Briar','Smith',4325365,NULL,146);
INSERT INTO `juez1` VALUES ('740178018','Tarik','Glass',8742766,NULL,232);
INSERT INTO `juez1` VALUES ('742424881','Amery','Berger',7800702,NULL,228);
INSERT INTO `juez1` VALUES ('745449018','Venus','Mckee',8459125,NULL,104);
INSERT INTO `juez1` VALUES ('746423822','Shelby','Norton',1109566,NULL,246);
INSERT INTO `juez1` VALUES ('747486611','Drew','Moon',2235467,NULL,239);
INSERT INTO `juez1` VALUES ('762778972','Macon','Ortega',9236928,NULL,246);
INSERT INTO `juez1` VALUES ('791807338','Idona','Kerr',5041703,NULL,145);
INSERT INTO `juez1` VALUES ('798478304','Ayanna','Hooper',9868182,NULL,234);
INSERT INTO `juez1` VALUES ('801517432','Adria','Mccullough',6727928,NULL,103);
INSERT INTO `juez1` VALUES ('802032557','Galena','Savage',5684785,NULL,283);
INSERT INTO `juez1` VALUES ('809262903','Jennifer','Boyd',7577445,NULL,128);
INSERT INTO `juez1` VALUES ('809276729','Jermaine','Quinn',3902943,NULL,103);
INSERT INTO `juez1` VALUES ('819333667','Hedwig','Morton',7764768,NULL,170);
INSERT INTO `juez1` VALUES ('832569012','Carol','Crane',9667246,NULL,157);
INSERT INTO `juez1` VALUES ('840100350','Pamela','Bass',7104907,NULL,295);
INSERT INTO `juez1` VALUES ('846037389','Whilemina','Hartman',3966736,NULL,103);
INSERT INTO `juez1` VALUES ('875151896','Kaye','Mcgee',4949224,NULL,233);
INSERT INTO `juez1` VALUES ('880693280','Kiara','Davidson',8586885,NULL,239);
INSERT INTO `juez1` VALUES ('908898485','Angelica','Jefferson',1495364,NULL,275);
INSERT INTO `juez1` VALUES ('938705809','Roth','Logan',9038318,NULL,269);
INSERT INTO `juez1` VALUES ('941196457','Maite','Hays',1830954,NULL,177);
INSERT INTO `juez1` VALUES ('943073411','Gemma','Gomez',6841783,NULL,292);
INSERT INTO `juez1` VALUES ('946460866','Colby','Vargas',9617749,NULL,172);
INSERT INTO `juez1` VALUES ('946701051','Patience','Keith',5148455,NULL,185);
INSERT INTO `juez1` VALUES ('953297815','Jamal','Pope',4065613,NULL,125);
INSERT INTO `juez1` VALUES ('955227953','Silas','Sykes',6812086,NULL,293);
INSERT INTO `juez1` VALUES ('959585579','Cally','Richardson',7868237,NULL,182);
INSERT INTO `juez1` VALUES ('962402630','Althea','Barron',1700747,NULL,296);
INSERT INTO `juez1` VALUES ('963832572','Hoyt','Melton',3784534,NULL,196);
INSERT INTO `juez1` VALUES ('967750569','Emery','Nichols',2394346,NULL,162);
INSERT INTO `juez1` VALUES ('968462600','Russell','Livingston',4536966,NULL,211);
INSERT INTO `juez1` VALUES ('978437374','Samantha','Price',3454453,NULL,209);
INSERT INTO `juez1` VALUES ('996494346','Steel','Armstrong',8970886,NULL,143);

--
-- Dumping data for table `juez2`
--

INSERT INTO `juez2` VALUES ('103400916','Alexa','Blevins',5152664,NULL,261);
INSERT INTO `juez2` VALUES ('108266440','Julian','Willis',6574921,NULL,158);
INSERT INTO `juez2` VALUES ('121502220','Justine','Small',5675359,NULL,139);
INSERT INTO `juez2` VALUES ('129788836','Andrew','Holman',5263030,NULL,142);
INSERT INTO `juez2` VALUES ('130222409','Tanya','Whitley',8669110,NULL,263);
INSERT INTO `juez2` VALUES ('132850492','Octavius','Hubbard',2050389,NULL,298);
INSERT INTO `juez2` VALUES ('164074159','Veda','Bird',4765044,NULL,249);
INSERT INTO `juez2` VALUES ('185437688','Katell','Cooke',9987483,NULL,111);
INSERT INTO `juez2` VALUES ('186881189','Geraldine','Acevedo',6407682,NULL,284);
INSERT INTO `juez2` VALUES ('196270222','Vielka','Cain',4117386,NULL,174);
INSERT INTO `juez2` VALUES ('214821706','Olivia','Moreno',7835680,NULL,224);
INSERT INTO `juez2` VALUES ('215608268','Jacob','Hooper',7807705,NULL,149);
INSERT INTO `juez2` VALUES ('236336966','Jackson','Moreno',3826205,NULL,272);
INSERT INTO `juez2` VALUES ('244807210','Asher','Winters',2747546,NULL,150);
INSERT INTO `juez2` VALUES ('257118527','Erin','Ward',3119305,NULL,140);
INSERT INTO `juez2` VALUES ('277757817','Lee','Ferguson',7715284,NULL,176);
INSERT INTO `juez2` VALUES ('283190242','Carter','Bernard',7148866,NULL,165);
INSERT INTO `juez2` VALUES ('293931396','Burton','Brock',8396300,NULL,284);
INSERT INTO `juez2` VALUES ('313946450','Samuel','Mason',6905151,NULL,126);
INSERT INTO `juez2` VALUES ('362249071','Marsden','Evans',7204732,NULL,134);
INSERT INTO `juez2` VALUES ('374302383','Zephania','Walton',7649467,NULL,275);
INSERT INTO `juez2` VALUES ('395614096','Paul','Mccormick',8192203,NULL,152);
INSERT INTO `juez2` VALUES ('399276893','Simon','Ayala',9825213,NULL,152);
INSERT INTO `juez2` VALUES ('402248092','Timon','Miranda',8526048,NULL,295);
INSERT INTO `juez2` VALUES ('403648918','Colby','Savage',4391781,NULL,195);
INSERT INTO `juez2` VALUES ('404501934','Baker','Hood',2406479,NULL,263);
INSERT INTO `juez2` VALUES ('407710841','Mohammad','Greer',3742174,NULL,149);
INSERT INTO `juez2` VALUES ('415651914','Bevis','Fisher',3906000,NULL,245);
INSERT INTO `juez2` VALUES ('417989757','Conan','Sanders',5931552,NULL,167);
INSERT INTO `juez2` VALUES ('420833761','Charissa','Curtis',6125068,NULL,271);
INSERT INTO `juez2` VALUES ('423573990','Caesar','Dejesus',8005658,NULL,228);
INSERT INTO `juez2` VALUES ('434679312','Quintessa','Acevedo',9775993,NULL,142);
INSERT INTO `juez2` VALUES ('435525112','Melanie','Bean',8840999,NULL,214);
INSERT INTO `juez2` VALUES ('472891947','Donna','Lane',4716077,NULL,140);
INSERT INTO `juez2` VALUES ('480708997','Paki','Boone',5729720,NULL,134);
INSERT INTO `juez2` VALUES ('486094324','Reese','Ortiz',5751458,NULL,175);
INSERT INTO `juez2` VALUES ('513312164','Preston','Joyner',3007826,NULL,269);
INSERT INTO `juez2` VALUES ('519581026','Anthony','Puckett',7742663,NULL,291);
INSERT INTO `juez2` VALUES ('524455719','Wynter','Figueroa',2513983,NULL,114);
INSERT INTO `juez2` VALUES ('528963381','Trevor','Mckay',3667911,NULL,203);
INSERT INTO `juez2` VALUES ('533998567','Shoshana','Moon',1142936,NULL,231);
INSERT INTO `juez2` VALUES ('546031016','Tatyana','Mendez',3221830,NULL,121);
INSERT INTO `juez2` VALUES ('546421158','Cody','Pittman',4931103,NULL,217);
INSERT INTO `juez2` VALUES ('560412256','Blythe','Bruce',6520032,NULL,239);
INSERT INTO `juez2` VALUES ('563819426','Sharon','Robinson',7382106,NULL,225);
INSERT INTO `juez2` VALUES ('564108247','Maile','Nicholson',4862521,NULL,278);
INSERT INTO `juez2` VALUES ('576878871','Hilda','Gilmore',7591022,NULL,177);
INSERT INTO `juez2` VALUES ('594902894','Candice','Cabrera',4262584,NULL,248);
INSERT INTO `juez2` VALUES ('600115809','Finn','Meyers',8257148,NULL,188);
INSERT INTO `juez2` VALUES ('627549718','Kathleen','Gould',4640133,NULL,158);
INSERT INTO `juez2` VALUES ('646231177','Rigel','Roach',6222720,NULL,166);
INSERT INTO `juez2` VALUES ('652483735','Brooke','Perry',2166753,NULL,213);
INSERT INTO `juez2` VALUES ('653877637','May','Thomas',2260394,NULL,178);
INSERT INTO `juez2` VALUES ('657924910','Byron','Diaz',6231025,NULL,292);
INSERT INTO `juez2` VALUES ('680217436','Jolene','Nunez',1592450,NULL,163);
INSERT INTO `juez2` VALUES ('696475743','Leo','Alexander',9377580,NULL,263);
INSERT INTO `juez2` VALUES ('701700752','Ezra','Allen',3555134,NULL,235);
INSERT INTO `juez2` VALUES ('704519009','Zenaida','Miller',5984635,NULL,193);
INSERT INTO `juez2` VALUES ('713196218','Stephanie','Cooke',6154272,NULL,252);
INSERT INTO `juez2` VALUES ('735404939','Tyrone','Melendez',1368881,NULL,245);
INSERT INTO `juez2` VALUES ('742162361','Micah','Weeks',5395651,NULL,100);
INSERT INTO `juez2` VALUES ('747621016','Indira','Wiley',1916831,NULL,262);
INSERT INTO `juez2` VALUES ('775254846','Upton','Watts',4372546,NULL,169);
INSERT INTO `juez2` VALUES ('775274343','Kyle','Summers',4658313,NULL,213);
INSERT INTO `juez2` VALUES ('790731993','Uriel','Blevins',4908066,NULL,129);
INSERT INTO `juez2` VALUES ('798534604','Sydnee','Clayton',4121167,NULL,262);
INSERT INTO `juez2` VALUES ('800340806','Nicole','Robertson',5164478,NULL,128);
INSERT INTO `juez2` VALUES ('803780883','Philip','Dotson',4204236,NULL,184);
INSERT INTO `juez2` VALUES ('813201953','Teegan','Phelps',5760507,NULL,178);
INSERT INTO `juez2` VALUES ('817740643','Veda','Rasmussen',6434119,NULL,167);
INSERT INTO `juez2` VALUES ('830212915','Gray','Cobb',5136707,NULL,284);
INSERT INTO `juez2` VALUES ('844063024','Irma','Jennings',9263768,NULL,112);
INSERT INTO `juez2` VALUES ('854572171','Jackson','Donovan',7634926,NULL,176);
INSERT INTO `juez2` VALUES ('855860453','Patrick','Melendez',8360133,NULL,180);
INSERT INTO `juez2` VALUES ('861551091','David','Holden',6758711,NULL,129);
INSERT INTO `juez2` VALUES ('862736479','TaShya','Gates',5125581,NULL,116);
INSERT INTO `juez2` VALUES ('864763802','Phoebe','Bolton',9443197,NULL,126);
INSERT INTO `juez2` VALUES ('870879517','Samuel','Nunez',6625452,NULL,146);
INSERT INTO `juez2` VALUES ('871668454','Thomas','Whitaker',2792305,NULL,223);
INSERT INTO `juez2` VALUES ('892425133','Raven','Stout',7402003,NULL,105);
INSERT INTO `juez2` VALUES ('894282577','Kareem','Bennett',4675259,NULL,132);
INSERT INTO `juez2` VALUES ('911909796','Reuben','Johnson',7765244,NULL,295);
INSERT INTO `juez2` VALUES ('918359421','Dacey','Owen',4349624,NULL,167);
INSERT INTO `juez2` VALUES ('923443652','Lucas','Mcdaniel',7309488,NULL,134);
INSERT INTO `juez2` VALUES ('924581723','Myles','Summers',1774309,NULL,193);
INSERT INTO `juez2` VALUES ('927151530','Reed','Wilkins',3158804,NULL,294);
INSERT INTO `juez2` VALUES ('928298015','Veda','Warren',1007008,NULL,274);
INSERT INTO `juez2` VALUES ('930541811','Sylvester','Miles',5471923,NULL,238);
INSERT INTO `juez2` VALUES ('931350585','Kenyon','Hahn',8253362,NULL,232);
INSERT INTO `juez2` VALUES ('936160993','Tallulah','Hutchinson',5723021,NULL,114);
INSERT INTO `juez2` VALUES ('938398847','Keefe','Stout',3825456,NULL,155);
INSERT INTO `juez2` VALUES ('938484373','Haley','Fuentes',6377009,NULL,126);
INSERT INTO `juez2` VALUES ('941640720','Phillip','Vega',5042350,NULL,239);
INSERT INTO `juez2` VALUES ('959819864','Hu','Carrillo',7050319,NULL,113);
INSERT INTO `juez2` VALUES ('962167858','Christine','Franklin',6211709,NULL,174);
INSERT INTO `juez2` VALUES ('963641883','Jaquelyn','Quinn',8341208,NULL,115);
INSERT INTO `juez2` VALUES ('967796816','Briar','Barron',1110903,NULL,201);
INSERT INTO `juez2` VALUES ('972580021','Thaddeus','Mercer',7473211,NULL,204);
INSERT INTO `juez2` VALUES ('974583641','Maisie','Clark',1465236,NULL,281);
INSERT INTO `juez2` VALUES ('986437919','Tarik','Boyle',7899015,NULL,275);

--
-- Dumping data for table `juez3`
--

INSERT INTO `juez3` VALUES ('102368790','Gemma','Duffy',5705443,NULL,213);
INSERT INTO `juez3` VALUES ('122437163','Colby','Gillespie',5135019,NULL,159);
INSERT INTO `juez3` VALUES ('125575285','Guinevere','Porter',8843192,NULL,277);
INSERT INTO `juez3` VALUES ('131013088','Zephr','Larsen',8333071,NULL,223);
INSERT INTO `juez3` VALUES ('136359674','Meghan','Fischer',8671266,NULL,116);
INSERT INTO `juez3` VALUES ('143210246','Deirdre','Ellis',1412081,NULL,183);
INSERT INTO `juez3` VALUES ('149346500','Macon','Hansen',8164407,NULL,168);
INSERT INTO `juez3` VALUES ('163896456','Rhea','Wiggins',7765297,NULL,184);
INSERT INTO `juez3` VALUES ('168372778','Odette','Acosta',6436004,NULL,205);
INSERT INTO `juez3` VALUES ('168402059','Aaron','Stevenson',7253019,NULL,180);
INSERT INTO `juez3` VALUES ('199004507','Emery','Oneal',7661523,NULL,239);
INSERT INTO `juez3` VALUES ('199666358','Alfreda','Guthrie',1708128,NULL,123);
INSERT INTO `juez3` VALUES ('202594402','Carol','Nolan',9864351,NULL,134);
INSERT INTO `juez3` VALUES ('204732061','Kelly','Goff',9549532,NULL,146);
INSERT INTO `juez3` VALUES ('207051731','Hedda','Dixon',2437709,NULL,196);
INSERT INTO `juez3` VALUES ('222619181','Driscoll','Day',8546701,NULL,149);
INSERT INTO `juez3` VALUES ('255256367','Garth','Kemp',7661935,NULL,257);
INSERT INTO `juez3` VALUES ('255724542','Sacha','Hinton',1193613,NULL,183);
INSERT INTO `juez3` VALUES ('278313650','Hyatt','Mcleod',7307940,NULL,284);
INSERT INTO `juez3` VALUES ('292338611','Mariam','Terry',5695266,NULL,142);
INSERT INTO `juez3` VALUES ('302638167','Jasper','Mcneil',5423572,NULL,208);
INSERT INTO `juez3` VALUES ('303250643','Ariel','Jackson',7774817,NULL,190);
INSERT INTO `juez3` VALUES ('315137389','Cara','Carson',5861780,NULL,254);
INSERT INTO `juez3` VALUES ('316565910','Katelyn','Kirby',2179043,NULL,247);
INSERT INTO `juez3` VALUES ('324384805','Declan','Hopkins',7540315,NULL,159);
INSERT INTO `juez3` VALUES ('330566240','Cameron','Lucas',3013732,NULL,251);
INSERT INTO `juez3` VALUES ('332551359','Elaine','Bradley',2749456,NULL,215);
INSERT INTO `juez3` VALUES ('334612537','Simon','Guerra',6615599,NULL,159);
INSERT INTO `juez3` VALUES ('341263324','Scott','Porter',6660981,NULL,241);
INSERT INTO `juez3` VALUES ('354591405','Colin','Beasley',5336936,NULL,263);
INSERT INTO `juez3` VALUES ('356415265','Aquila','Preston',5856920,NULL,208);
INSERT INTO `juez3` VALUES ('358256763','Judah','Livingston',8286501,NULL,272);
INSERT INTO `juez3` VALUES ('366914906','Jordan','Parks',3000131,NULL,219);
INSERT INTO `juez3` VALUES ('391468374','Idona','Larsen',9781044,NULL,255);
INSERT INTO `juez3` VALUES ('393762860','Giacomo','Vance',9792444,NULL,259);
INSERT INTO `juez3` VALUES ('394400021','Micah','Snow',6848360,NULL,167);
INSERT INTO `juez3` VALUES ('403299474','Brenna','Macdonald',5379690,NULL,179);
INSERT INTO `juez3` VALUES ('408877663','Alisa','Raymond',2720599,NULL,167);
INSERT INTO `juez3` VALUES ('414357261','Jelani','Gallagher',3898040,NULL,113);
INSERT INTO `juez3` VALUES ('414732526','Halee','Forbes',7275067,NULL,119);
INSERT INTO `juez3` VALUES ('421046612','Megan','Stein',9396366,NULL,260);
INSERT INTO `juez3` VALUES ('422984365','Ian','Gillespie',4526379,NULL,300);
INSERT INTO `juez3` VALUES ('449438266','Ulla','Donaldson',8315363,NULL,213);
INSERT INTO `juez3` VALUES ('466492434','Lila','Butler',3685459,NULL,196);
INSERT INTO `juez3` VALUES ('467617733','Melinda','Watkins',1411497,NULL,277);
INSERT INTO `juez3` VALUES ('468310767','Daphne','Santiago',2286311,NULL,210);
INSERT INTO `juez3` VALUES ('487473161','Gail','Case',7448970,NULL,165);
INSERT INTO `juez3` VALUES ('508804571','Gannon','Blake',8650316,NULL,261);
INSERT INTO `juez3` VALUES ('521598433','Laith','Ferguson',7245403,NULL,262);
INSERT INTO `juez3` VALUES ('552677515','Macon','Chandler',4792617,NULL,265);
INSERT INTO `juez3` VALUES ('554577994','Yen','Savage',4080387,NULL,159);
INSERT INTO `juez3` VALUES ('555984825','Dane','Hendrix',7233477,NULL,254);
INSERT INTO `juez3` VALUES ('559951973','Yardley','Mueller',6478568,NULL,181);
INSERT INTO `juez3` VALUES ('564877755','Amir','Warren',7630592,NULL,268);
INSERT INTO `juez3` VALUES ('580416612','Nathan','Fitzpatrick',8561345,NULL,168);
INSERT INTO `juez3` VALUES ('581206321','Eaton','Marquez',5006186,NULL,133);
INSERT INTO `juez3` VALUES ('582429572','Galena','Fields',1405711,NULL,180);
INSERT INTO `juez3` VALUES ('600634655','Dai','Petersen',3863689,NULL,273);
INSERT INTO `juez3` VALUES ('602645424','Zeph','Stout',2937432,NULL,234);
INSERT INTO `juez3` VALUES ('613272663','Mufutau','Hines',6252057,NULL,287);
INSERT INTO `juez3` VALUES ('620040012','Tatyana','Lynn',9541700,NULL,162);
INSERT INTO `juez3` VALUES ('627595393','Lynn','Trevino',9824784,NULL,148);
INSERT INTO `juez3` VALUES ('631026067','Tasha','Logan',4358934,NULL,238);
INSERT INTO `juez3` VALUES ('638148321','Kieran','Nelson',2266934,NULL,223);
INSERT INTO `juez3` VALUES ('643268878','Ria','Turner',6119397,NULL,173);
INSERT INTO `juez3` VALUES ('661354124','Harrison','Preston',1206349,NULL,188);
INSERT INTO `juez3` VALUES ('668530777','Tallulah','Keith',5014567,NULL,152);
INSERT INTO `juez3` VALUES ('671871834','Joseph','Atkins',9213178,NULL,198);
INSERT INTO `juez3` VALUES ('678467403','Austin','Dale',4355618,NULL,293);
INSERT INTO `juez3` VALUES ('703064873','Mia','Wheeler',2496191,NULL,192);
INSERT INTO `juez3` VALUES ('711511067','Francesca','Miles',2918398,NULL,103);
INSERT INTO `juez3` VALUES ('735505581','Demetria','Lawrence',9416464,NULL,219);
INSERT INTO `juez3` VALUES ('746055706','Hanna','Shields',8410125,NULL,114);
INSERT INTO `juez3` VALUES ('747850539','Brady','Yates',7907762,NULL,239);
INSERT INTO `juez3` VALUES ('757067357','Burke','Love',5876034,NULL,183);
INSERT INTO `juez3` VALUES ('768594169','Shad','Hawkins',7397189,NULL,253);
INSERT INTO `juez3` VALUES ('771155829','Steel','Wiley',9472305,NULL,245);
INSERT INTO `juez3` VALUES ('771326657','Aline','Buchanan',6250985,NULL,113);
INSERT INTO `juez3` VALUES ('778177773','Elmo','Maldonado',5220808,NULL,221);
INSERT INTO `juez3` VALUES ('779845206','Wang','Young',9341059,NULL,102);
INSERT INTO `juez3` VALUES ('784425113','Nash','Mclean',2191960,NULL,259);
INSERT INTO `juez3` VALUES ('785471016','Libby','Henson',7572212,NULL,275);
INSERT INTO `juez3` VALUES ('786866665','Walter','Harrell',5727133,NULL,236);
INSERT INTO `juez3` VALUES ('790850773','Irma','Oneil',3072032,NULL,219);
INSERT INTO `juez3` VALUES ('800454511','Jolie','Alston',1615645,NULL,195);
INSERT INTO `juez3` VALUES ('803859176','Isaac','Mccall',6277665,NULL,116);
INSERT INTO `juez3` VALUES ('823393542','Meredith','Leach',7915310,NULL,162);
INSERT INTO `juez3` VALUES ('836220492','Xavier','Mercer',7146303,NULL,102);
INSERT INTO `juez3` VALUES ('842042432','Acton','Foster',5623171,NULL,254);
INSERT INTO `juez3` VALUES ('859484671','Cameron','Harvey',2214957,NULL,142);
INSERT INTO `juez3` VALUES ('894807429','Xander','Ingram',1046166,NULL,153);
INSERT INTO `juez3` VALUES ('896227210','Malcolm','Cash',2178460,NULL,120);
INSERT INTO `juez3` VALUES ('915171261','Deanna','Castaneda',6179312,NULL,184);
INSERT INTO `juez3` VALUES ('926106285','Haley','Conway',9854624,NULL,119);
INSERT INTO `juez3` VALUES ('933521446','Hamish','Bass',6184038,NULL,204);
INSERT INTO `juez3` VALUES ('937206908','Aladdin','Alexander',3400847,NULL,269);
INSERT INTO `juez3` VALUES ('940931900','Isabella','Maxwell',3415956,NULL,219);
INSERT INTO `juez3` VALUES ('956383462','Zelenia','Cantu',8131395,NULL,270);
INSERT INTO `juez3` VALUES ('979656313','Isadora','Chandler',3058929,NULL,102);
INSERT INTO `juez3` VALUES ('985782782','Maris','Cotton',3738830,NULL,176);

--
-- Dumping data for table `peleador`
--

INSERT INTO `peleador` VALUES ('102526473','Katell','Warner',1447887,83,2,6,'Si','No','925912044',10074);
INSERT INTO `peleador` VALUES ('104382032','Asher','Barber',7294359,32,9,9,'No','Si','940023248',10039);
INSERT INTO `peleador` VALUES ('109294760','Yetta','Mcclain',3527295,60,12,8,'No','Si','839667022',10027);
INSERT INTO `peleador` VALUES ('110352004','Prescott','Stark',2088257,57,8,1,'No','Si','706922590',10055);
INSERT INTO `peleador` VALUES ('112031207','Cade','Sanders',8988386,25,9,4,'Si','No','441486286',10098);
INSERT INTO `peleador` VALUES ('112610372','Danielle','Gutierrez',3404974,66,6,2,'No','Si','335494693',10087);
INSERT INTO `peleador` VALUES ('115191877','Yasir','Lambert',8359368,14,1,4,'No','Si','335494693',10098);
INSERT INTO `peleador` VALUES ('118242811','Keely','Benson',8583838,27,14,2,'No','Si','373974105',10073);
INSERT INTO `peleador` VALUES ('119100162','Callie','Nichols',6062008,70,1,4,'Si','No','905249378',10041);
INSERT INTO `peleador` VALUES ('131060659','Haley','Casey',9905561,49,4,2,'Si','No','398727966',10050);
INSERT INTO `peleador` VALUES ('142009592','Lois','Le',6240591,53,9,2,'Si','No','957328510',10094);
INSERT INTO `peleador` VALUES ('143156404','Xena','Shields',7550311,62,2,1,'Si','No','940023248',10066);
INSERT INTO `peleador` VALUES ('144371877','Elmo','Santana',5315583,37,12,7,'Si','No','710561068',10046);
INSERT INTO `peleador` VALUES ('155804876','Vance','Duffy',6786837,42,0,8,'No','Si','706922590',10013);
INSERT INTO `peleador` VALUES ('156459976','Stewart','Cantu',6848896,93,11,3,'Si','No','446829374',10018);
INSERT INTO `peleador` VALUES ('160035393','Bo','Atkins',2999180,69,5,3,'Si','No','859162730',10067);
INSERT INTO `peleador` VALUES ('164038189','Adrian','Bentley',6287846,62,14,2,'Si','No','710561068',10092);
INSERT INTO `peleador` VALUES ('174704776','Imani','Barrett',1474625,23,13,2,'No','Si','123916418',10077);
INSERT INTO `peleador` VALUES ('175694190','Sarah','Blackwell',8493466,59,11,2,'No','Si','905249378',10099);
INSERT INTO `peleador` VALUES ('178229956','Rhoda','Stevenson',5305245,68,0,1,'No','Si','968742319',10020);
INSERT INTO `peleador` VALUES ('180862194','Idola','Houston',8651464,91,11,8,'No','Si','477492119',10014);
INSERT INTO `peleador` VALUES ('189755010','Mariam','Bean',7990412,91,14,3,'No','Si','373974105',10021);
INSERT INTO `peleador` VALUES ('192572363','Oren','Clarke',1233205,21,2,3,'No','Si','123916418',10088);
INSERT INTO `peleador` VALUES ('199055841','Melinda','Ferguson',2478124,48,5,2,'Si','No','839667022',10032);
INSERT INTO `peleador` VALUES ('203026083','Allistair','Cruz',7483409,82,9,10,'Si','No','398727966',10078);
INSERT INTO `peleador` VALUES ('205305310','Thor','Hendricks',7222698,86,9,5,'No','Si','859162730',10019);
INSERT INTO `peleador` VALUES ('210571190','Amethyst','Maldonado',9952051,43,5,4,'Si','No','839667022',10029);
INSERT INTO `peleador` VALUES ('217792535','Kennedy','Schroeder',4715305,71,8,3,'Si','No','335494693',10095);
INSERT INTO `peleador` VALUES ('236528299','Hedy','Parks',5960026,54,14,7,'No','Si','710561068',10043);
INSERT INTO `peleador` VALUES ('237210970','Holmes','Hunt',9804137,94,7,3,'No','Si','789776687',10077);
INSERT INTO `peleador` VALUES ('240982101','Chadwick','Moses',8405704,81,14,10,'No','Si','859162730',10004);
INSERT INTO `peleador` VALUES ('244087584','Price','Munoz',9279048,19,2,8,'No','Si','398727966',10055);
INSERT INTO `peleador` VALUES ('254921637','Christen','Larson',9750501,91,9,8,'No','Si','398727966',10039);
INSERT INTO `peleador` VALUES ('264701372','Bo','Randall',9929152,56,3,1,'No','Si','905249378',10036);
INSERT INTO `peleador` VALUES ('266324729','Caryn','Pace',3788847,93,6,3,'No','Si','710561068',10091);
INSERT INTO `peleador` VALUES ('270177368','Kelsie','Gamble',4747687,51,12,5,'No','Si','300520984',10078);
INSERT INTO `peleador` VALUES ('275823058','Adrienne','Collins',5759138,25,10,9,'No','Si','706922590',10052);
INSERT INTO `peleador` VALUES ('276691884','Brent','Roberson',4309867,74,13,7,'Si','No','373974105',10086);
INSERT INTO `peleador` VALUES ('276999599','Brian','Page',2430701,74,6,10,'Si','No','300765444',10022);
INSERT INTO `peleador` VALUES ('278094266','Brody','Alvarado',5916669,47,2,3,'No','Si','446829374',10028);
INSERT INTO `peleador` VALUES ('278848452','Amaya','Rush',5083609,84,13,8,'No','Si','684033595',10092);
INSERT INTO `peleador` VALUES ('288927580','Imani','Welch',1225617,45,11,8,'No','Si','940023248',10032);
INSERT INTO `peleador` VALUES ('294226873','Murphy','Pitts',9833972,55,12,1,'No','Si','684033595',10058);
INSERT INTO `peleador` VALUES ('296236104','Xanthus','Daniels',5994013,30,2,5,'No','Si','477492119',10065);
INSERT INTO `peleador` VALUES ('296446730','Justina','Pacheco',1381151,80,12,7,'No','Si','706922590',10074);
INSERT INTO `peleador` VALUES ('297060827','Kiara','Peters',3562473,58,11,7,'No','Si','925912044',10040);
INSERT INTO `peleador` VALUES ('302277930','Constance','Cabrera',6742738,79,3,8,'Si','No','789776687',10094);
INSERT INTO `peleador` VALUES ('305145514','Reece','Wilkins',6374477,17,11,8,'Si','No','789776687',10063);
INSERT INTO `peleador` VALUES ('309144433','Merritt','Cabrera',4926889,14,9,3,'No','Si','925912044',10013);
INSERT INTO `peleador` VALUES ('312562836','Aristotle','Gibson',5463037,19,6,1,'Si','No','940023248',10076);
INSERT INTO `peleador` VALUES ('318345507','Willow','Blankenship',5800963,47,1,1,'Si','No','839667022',10075);
INSERT INTO `peleador` VALUES ('319310737','Remedios','Wyatt',4544673,32,8,9,'Si','No','710561068',10086);
INSERT INTO `peleador` VALUES ('331306489','Joelle','Barber',5925839,20,12,2,'No','Si','940023248',10062);
INSERT INTO `peleador` VALUES ('335036845','Forrest','Cruz',3007517,84,8,6,'No','Si','789776687',10021);
INSERT INTO `peleador` VALUES ('342101786','Jesse','Blanchard',5088731,89,11,9,'Si','No','710561068',10082);
INSERT INTO `peleador` VALUES ('348196756','India','Reynolds',5292943,61,10,9,'No','Si','684033595',10048);
INSERT INTO `peleador` VALUES ('353136451','Vance','Olson',7913833,62,6,1,'No','Si','859162730',10084);
INSERT INTO `peleador` VALUES ('353642622','Maya','Green',8231792,13,5,8,'Si','No','839667022',10013);
INSERT INTO `peleador` VALUES ('356813097','Irene','Hart',7230366,71,5,2,'No','Si','940023248',10005);
INSERT INTO `peleador` VALUES ('363840167','Ray','Nunez',8081770,63,1,6,'No','Si','123916418',10097);
INSERT INTO `peleador` VALUES ('367618180','Herman','Clay',2100028,33,14,6,'No','Si','446829374',10021);
INSERT INTO `peleador` VALUES ('378551556','Brittany','Marquez',8768606,99,6,3,'No','Si','684033595',10012);
INSERT INTO `peleador` VALUES ('383686754','Samantha','Washington',7365087,29,2,1,'Si','No','335494693',10057);
INSERT INTO `peleador` VALUES ('384836677','Noel','Ingram',1335482,35,1,6,'No','Si','839667022',10068);
INSERT INTO `peleador` VALUES ('386558043','Melvin','Molina',8552910,50,2,9,'Si','No','446829374',10002);
INSERT INTO `peleador` VALUES ('387400978','Remedios','Talley',1786458,47,3,4,'No','Si','441486286',10053);
INSERT INTO `peleador` VALUES ('390226035','Molly','Banks',9880109,85,3,8,'Si','No','940023248',10087);
INSERT INTO `peleador` VALUES ('393057978','Marvin','Stanley',7092864,48,6,9,'Si','No','905249378',10009);
INSERT INTO `peleador` VALUES ('393572269','Quemby','Collins',2132896,44,13,8,'Si','No','839667022',10046);
INSERT INTO `peleador` VALUES ('395617764','Ignatius','Gould',8750604,12,15,7,'Si','No','684033595',10032);
INSERT INTO `peleador` VALUES ('402330299','Gail','Dotson',9307328,54,14,7,'Si','No','477492119',10014);
INSERT INTO `peleador` VALUES ('414641499','John','Kinney',5149235,63,0,6,'Si','No','208501226',10037);
INSERT INTO `peleador` VALUES ('418067965','Vernon','Webster',9909220,54,11,2,'Si','No','123916418',10027);
INSERT INTO `peleador` VALUES ('419662251','Francesca','Howe',3337781,45,6,2,'No','Si','706922590',10089);
INSERT INTO `peleador` VALUES ('427188556','Desiree','Mueller',2468582,75,13,7,'Si','No','102547793',10093);
INSERT INTO `peleador` VALUES ('429353038','Serina','Maynard',9386400,88,4,0,'No','Si','446829374',10021);
INSERT INTO `peleador` VALUES ('433475075','Mara','Kramer',1405152,51,3,6,'No','Si','710561068',10083);
INSERT INTO `peleador` VALUES ('434136688','Raymond','Watkins',8618529,95,14,7,'No','Si','905249378',10058);
INSERT INTO `peleador` VALUES ('436417792','Hilary','Medina',1185911,67,2,1,'No','Si','839667022',10081);
INSERT INTO `peleador` VALUES ('437497220','Josephine','Perry',9377660,98,6,4,'No','Si','859162730',10086);
INSERT INTO `peleador` VALUES ('441479988','Tasha','Mayer',1008872,90,7,9,'No','Si','839667022',10063);
INSERT INTO `peleador` VALUES ('445194627','Renee','Sears',7782287,57,14,1,'No','Si','789776687',10092);
INSERT INTO `peleador` VALUES ('446007959','Jessamine','Guerra',4681997,46,7,7,'No','Si','373974105',10074);
INSERT INTO `peleador` VALUES ('448022207','Nichole','Snider',5758378,17,9,2,'No','Si','706922590',10069);
INSERT INTO `peleador` VALUES ('448596945','Dexter','Jimenez',3652670,52,0,0,'No','Si','441486286',10093);
INSERT INTO `peleador` VALUES ('453865188','Darryl','Ramsey',4307973,23,1,8,'Si','No','940023248',10005);
INSERT INTO `peleador` VALUES ('455187013','Xavier','Oconnor',1398318,93,12,1,'Si','No','398727966',10005);
INSERT INTO `peleador` VALUES ('455311086','Chaim','Curry',5652575,45,10,7,'No','Si','684033595',10052);
INSERT INTO `peleador` VALUES ('458971804','Ezra','Adkins',6459797,13,8,5,'Si','No','925912044',10063);
INSERT INTO `peleador` VALUES ('471282465','Wesley','Moreno',9414436,40,11,6,'Si','No','684033595',10053);
INSERT INTO `peleador` VALUES ('471360387','Jamal','Norman',1222641,93,14,2,'Si','No','296140484',10021);
INSERT INTO `peleador` VALUES ('474292529','Demetrius','Morales',8549423,41,7,9,'Si','No','296140484',10058);
INSERT INTO `peleador` VALUES ('481940155','Ivana','Merrill',8108936,29,1,8,'No','Si','123916418',10090);
INSERT INTO `peleador` VALUES ('484049839','Sigourney','Wilkinson',5606817,70,1,8,'Si','No','789776687',10050);
INSERT INTO `peleador` VALUES ('485045489','Anastasia','Barrett',7362924,70,15,6,'Si','No','839667022',10079);
INSERT INTO `peleador` VALUES ('488214371','Aiko','Vargas',8661892,56,11,4,'No','Si','335494693',10063);
INSERT INTO `peleador` VALUES ('496893781','Ainsley','Dennis',6308713,81,8,8,'No','Si','940023248',10062);
INSERT INTO `peleador` VALUES ('498561679','Shellie','Woods',6178651,66,5,6,'No','Si','839667022',10091);
INSERT INTO `peleador` VALUES ('499440368','Quail','Tate',1365370,24,8,6,'No','Si','335494693',10075);
INSERT INTO `peleador` VALUES ('501604580','Kenneth','Carpenter',9850151,40,0,8,'No','Si','940023248',10022);
INSERT INTO `peleador` VALUES ('505279497','Fulton','Castro',6136288,55,4,9,'No','Si','710561068',10023);
INSERT INTO `peleador` VALUES ('513559197','Dora','Parrish',8103402,80,1,3,'No','Si','706922590',10099);
INSERT INTO `peleador` VALUES ('516641462','Silas','King',2337203,52,6,7,'Si','No','477492119',10071);
INSERT INTO `peleador` VALUES ('518904613','Micah','Gregory',7948526,80,12,7,'Si','No','441486286',10028);
INSERT INTO `peleador` VALUES ('520516069','Nadine','Oneal',9943964,15,12,9,'Si','No','859162730',10011);
INSERT INTO `peleador` VALUES ('529031246','Ferdinand','Jarvis',3542673,76,4,1,'Si','No','477492119',10041);
INSERT INTO `peleador` VALUES ('529775000','Nevada','Watson',1975638,75,12,8,'Si','No','477492119',10050);
INSERT INTO `peleador` VALUES ('534006494','Wanda','Lester',5927317,33,8,3,'Si','No','296140484',10059);
INSERT INTO `peleador` VALUES ('536427249','Xavier','Guthrie',7371592,39,14,3,'Si','No','123916418',10068);
INSERT INTO `peleador` VALUES ('537072843','Wade','Carter',2247685,68,11,9,'Si','No','335494693',10082);
INSERT INTO `peleador` VALUES ('538518747','Norman','Garcia',4621845,93,8,3,'No','Si','684033595',10093);
INSERT INTO `peleador` VALUES ('542746542','Jena','Mueller',9299321,21,10,2,'Si','No','441486286',10065);
INSERT INTO `peleador` VALUES ('547500910','Lance','Cannon',3831969,83,3,8,'Si','No','940023248',10014);
INSERT INTO `peleador` VALUES ('551753443','Victor','Burgess',9359746,45,3,9,'No','Si','123916418',10058);
INSERT INTO `peleador` VALUES ('553174231','Silas','Rogers',1757351,54,12,1,'No','Si','373974105',10076);
INSERT INTO `peleador` VALUES ('555680036','Hollee','Singleton',1306197,99,13,7,'Si','No','398727966',10084);
INSERT INTO `peleador` VALUES ('556170515','Ingrid','Elliott',5504356,22,15,3,'Si','No','123916418',10064);
INSERT INTO `peleador` VALUES ('558217336','Dara','Cooke',5068878,56,3,5,'Si','No','123916418',10058);
INSERT INTO `peleador` VALUES ('559908202','Irma','Fleming',8858910,38,12,9,'Si','No','446829374',10099);
INSERT INTO `peleador` VALUES ('561880584','Roth','Lyons',2299766,43,0,2,'No','Si','925912044',10096);
INSERT INTO `peleador` VALUES ('569726611','Gillian','May',8949387,82,13,4,'No','Si','706922590',10004);
INSERT INTO `peleador` VALUES ('574366043','Justine','Booth',3963425,82,11,9,'Si','No','477492119',10017);
INSERT INTO `peleador` VALUES ('574851326','Jelani','Mcfarland',2045546,25,13,0,'No','Si','335494693',10003);
INSERT INTO `peleador` VALUES ('586297880','Jana','Callahan',9663930,74,0,4,'No','Si','905249378',10096);
INSERT INTO `peleador` VALUES ('586971813','Gregory','Petty',8187548,26,5,2,'No','Si','441486286',10089);
INSERT INTO `peleador` VALUES ('588309446','Hoyt','Carver',2828325,67,6,10,'No','Si','373974105',10063);
INSERT INTO `peleador` VALUES ('590931948','Scott','Golden',1917815,17,12,9,'Si','No','477492119',10010);
INSERT INTO `peleador` VALUES ('598433428','Remedios','Stuart',1329082,42,1,4,'Si','No','373974105',10089);
INSERT INTO `peleador` VALUES ('620081073','Paula','Luna',6665005,37,14,10,'No','Si','839667022',10046);
INSERT INTO `peleador` VALUES ('620091524','Knox','Buck',4714930,60,6,10,'Si','No','859162730',10098);
INSERT INTO `peleador` VALUES ('628826858','Warren','Sims',8502713,26,9,6,'No','Si','335494693',10078);
INSERT INTO `peleador` VALUES ('629922028','Lucas','Reilly',5612369,42,13,3,'No','Si','839667022',10033);
INSERT INTO `peleador` VALUES ('631681805','Nissim','Sargent',2095048,34,10,7,'Si','No','446829374',10044);
INSERT INTO `peleador` VALUES ('631727066','Daquan','Lowe',5231833,24,14,6,'No','Si','940023248',10099);
INSERT INTO `peleador` VALUES ('635817991','Dane','Acevedo',9010825,52,8,5,'Si','No','789776687',10009);
INSERT INTO `peleador` VALUES ('636830443','Teagan','Kent',5397065,24,8,5,'No','Si','300765444',10066);
INSERT INTO `peleador` VALUES ('636888095','Laura','Hamilton',8560567,73,9,5,'No','Si','940023248',10044);
INSERT INTO `peleador` VALUES ('647863798','Louis','Vaughan',8789748,34,2,8,'No','Si','925912044',10011);
INSERT INTO `peleador` VALUES ('648690330','Mallory','Madden',2057499,66,11,8,'No','Si','306640141',10051);
INSERT INTO `peleador` VALUES ('653425718','Lani','Alford',6068872,78,2,8,'Si','No','839667022',10060);
INSERT INTO `peleador` VALUES ('660417525','Pascale','Alford',4994587,16,15,5,'No','Si','373974105',10081);
INSERT INTO `peleador` VALUES ('669126808','Hector','Moses',8994307,59,9,8,'No','Si','839667022',10080);
INSERT INTO `peleador` VALUES ('672655150','Melissa','Beard',7790177,56,9,8,'No','Si','839667022',10035);
INSERT INTO `peleador` VALUES ('679023785','Hasad','Washington',8568574,54,15,1,'No','Si','925912044',10052);
INSERT INTO `peleador` VALUES ('683520085','Althea','Chase',3121384,73,7,8,'Si','No','335494693',10070);
INSERT INTO `peleador` VALUES ('687223996','Lillian','Romero',2458896,78,9,4,'Si','No','123916418',10039);
INSERT INTO `peleador` VALUES ('703995316','Quynn','Greer',1466031,84,9,3,'Si','No','710561068',10005);
INSERT INTO `peleador` VALUES ('708829396','Thomas','Singleton',8928485,52,9,9,'No','Si','441486286',10013);
INSERT INTO `peleador` VALUES ('727837497','Raphael','Cohen',8414908,15,15,8,'No','Si','335494693',10004);
INSERT INTO `peleador` VALUES ('737710133','Travis','White',2895382,17,6,5,'No','Si','859162730',10021);
INSERT INTO `peleador` VALUES ('739862827','Cassidy','Everett',1548237,45,12,5,'Si','No','446829374',10032);
INSERT INTO `peleador` VALUES ('741999984','Leila','Battle',9989008,77,5,2,'Si','No','710561068',10082);
INSERT INTO `peleador` VALUES ('744491431','Dorothy','Green',5726413,10,2,3,'Si','No','398727966',10060);
INSERT INTO `peleador` VALUES ('744727380','Jena','Newman',6515953,10,10,7,'Si','No','300765444',10070);
INSERT INTO `peleador` VALUES ('744998017','Oleg','Figueroa',9224912,93,8,10,'No','Si','477492119',10017);
INSERT INTO `peleador` VALUES ('759347543','Geoffrey','Barrera',4110599,15,14,7,'No','Si','940023248',10056);
INSERT INTO `peleador` VALUES ('760176612','Kennedy','Goodwin',9599379,71,15,9,'No','Si','940023248',10086);
INSERT INTO `peleador` VALUES ('765157301','Kirsten','Rivas',7302597,84,6,2,'Si','No','477492119',10028);
INSERT INTO `peleador` VALUES ('776370019','Leila','Wagner',6395626,14,8,6,'Si','No','905249378',10051);
INSERT INTO `peleador` VALUES ('781909682','Rosalyn','Santos',6691314,69,12,6,'No','Si','940023248',10080);
INSERT INTO `peleador` VALUES ('787492429','Wyatt','Hebert',8915024,23,2,10,'Si','No','335494693',10082);
INSERT INTO `peleador` VALUES ('794386722','Jamalia','Bush',8460413,89,7,10,'Si','No','373974105',10071);
INSERT INTO `peleador` VALUES ('804347579','Eaton','Baird',7392860,53,1,1,'Si','No','940023248',10074);
INSERT INTO `peleador` VALUES ('814589182','Addison','Byrd',7497351,84,12,1,'Si','No','300765444',10061);
INSERT INTO `peleador` VALUES ('815215223','Bethany','Warren',4699722,67,13,8,'Si','No','925912044',10090);
INSERT INTO `peleador` VALUES ('826665702','Quamar','Joyner',5791836,11,13,5,'No','Si','446829374',10046);
INSERT INTO `peleador` VALUES ('838799415','Quamar','Gibson',8216586,41,12,8,'Si','No','968742319',10019);
INSERT INTO `peleador` VALUES ('842598041','Hamish','Mcintyre',3860124,71,6,6,'No','Si','398727966',10078);
INSERT INTO `peleador` VALUES ('845419330','Colby','Cunningham',5853245,100,15,4,'Si','No','839667022',10047);
INSERT INTO `peleador` VALUES ('846610796','Hope','Chapman',1361495,92,11,3,'No','Si','441486286',10074);
INSERT INTO `peleador` VALUES ('854713431','Brett','Rocha',8323085,75,6,7,'Si','No','398727966',10022);
INSERT INTO `peleador` VALUES ('855409427','Kennedy','Lang',6995733,38,9,2,'No','Si','706922590',10029);
INSERT INTO `peleador` VALUES ('865936437','Chancellor','Carlson',8473732,94,13,4,'No','Si','905249378',10032);
INSERT INTO `peleador` VALUES ('869635390','Yvonne','Mooney',9334600,14,11,10,'Si','No','398727966',10029);
INSERT INTO `peleador` VALUES ('874256890','Basia','Stone',6408799,97,10,9,'No','Si','905249378',10065);
INSERT INTO `peleador` VALUES ('880719951','Harper','Burch',5257315,27,3,8,'Si','No','839667022',10059);
INSERT INTO `peleador` VALUES ('881473972','Lesley','Solomon',2482998,23,8,4,'Si','No','789776687',10074);
INSERT INTO `peleador` VALUES ('886988527','Rhona','Schneider',6682439,45,3,4,'Si','No','123916418',10090);
INSERT INTO `peleador` VALUES ('889552040','Bryar','Owen',3381564,22,3,5,'Si','No','940023248',10035);
INSERT INTO `peleador` VALUES ('898765491','Reed','Watkins',5011768,96,13,1,'No','Si','446829374',10050);
INSERT INTO `peleador` VALUES ('902004709','Chastity','Talley',1493546,14,8,2,'No','Si','940665003',10007);
INSERT INTO `peleador` VALUES ('902392385','Lois','Gallegos',3192556,52,2,3,'Si','No','441486286',10068);
INSERT INTO `peleador` VALUES ('915433083','Brenden','Shaw',2306421,63,10,3,'Si','No','925912044',10010);
INSERT INTO `peleador` VALUES ('918153201','Cameron','Carpenter',2105826,29,10,5,'No','Si','940023248',10097);
INSERT INTO `peleador` VALUES ('918241879','Carolyn','Page',8312892,54,15,9,'Si','No','925912044',10057);
INSERT INTO `peleador` VALUES ('919162618','Tyrone','Schmidt',4480803,92,8,8,'Si','No','839667022',10064);
INSERT INTO `peleador` VALUES ('930227198','Anika','Hopper',2354287,61,8,2,'Si','No','859162730',10045);
INSERT INTO `peleador` VALUES ('933532275','Deacon','Mercer',1058648,84,9,8,'No','Si','859162730',10072);
INSERT INTO `peleador` VALUES ('936555828','Aline','Miranda',7901537,61,5,6,'No','Si','123916418',10038);
INSERT INTO `peleador` VALUES ('936631394','Michael','Foley',3104454,20,7,3,'Si','No','940023248',10068);
INSERT INTO `peleador` VALUES ('937997850','Maisie','Kane',1342446,29,11,4,'No','Si','789776687',10057);
INSERT INTO `peleador` VALUES ('944371674','Rebekah','Glenn',7709136,20,4,2,'Si','No','789776687',10069);
INSERT INTO `peleador` VALUES ('949905168','Hadassah','English',1769999,31,14,8,'No','Si','684033595',10079);
INSERT INTO `peleador` VALUES ('969130137','Thaddeus','Webb',9649864,44,11,10,'No','Si','441486286',10087);
INSERT INTO `peleador` VALUES ('971457183','Hakeem','Meyers',5551148,100,6,3,'No','Si','706922590',10047);
INSERT INTO `peleador` VALUES ('979955696','Ulysses','Cunningham',9919471,70,4,8,'No','Si','940023248',10066);
INSERT INTO `peleador` VALUES ('981501944','Tiger','Spence',3776890,34,4,1,'Si','No','839667022',10040);
INSERT INTO `peleador` VALUES ('990385331','Virginia','Langley',2980320,36,0,3,'Si','No','905249378',10074);
INSERT INTO `peleador` VALUES ('992940570','Walter','Robertson',9503479,77,1,5,'Si','No','373974105',10006);
INSERT INTO `peleador` VALUES ('998699033','Zelda','Dudley',7616377,50,10,2,'Si','No','197498052',10072);

